device,device_display,model,backend,frequency_note,context_tokens,mode,budget,test_date,mj_per_token,analysis_status,error
orangepi,Orange Pi 5 Plus,Llama3.2 3B,OpenCL,"cpu=max,gpu=max,ddr=max",512,cacheblend,0.05,2026-06-30,14.126956,ok,
orangepi,Orange Pi 5 Plus,Llama3.2 3B,OpenCL,"cpu=max,gpu=max,ddr=max",512,cacheblend,0.10,2026-06-30,17.165788,ok,
orangepi,Orange Pi 5 Plus,Llama3.2 3B,OpenCL,"cpu=max,gpu=max,ddr=max",512,cacheblend,0.20,2026-06-30,29.703737,ok,
orangepi,Orange Pi 5 Plus,Llama3.2 3B,OpenCL,"cpu=max,gpu=max,ddr=max",512,cacheblend,0.30,2026-06-30,39.427080,ok,
orangepi,Orange Pi 5 Plus,Llama3.2 3B,OpenCL,"cpu=max,gpu=max,ddr=max",512,cacheblend,0.40,2026-06-30,43.699092,ok,
orangepi,Orange Pi 5 Plus,Llama3.2 3B,OpenCL,"cpu=max,gpu=max,ddr=max",512,cacheblend,0.50,2026-06-30,53.204423,ok,
orangepi,Orange Pi 5 Plus,Llama3.2 3B,OpenCL,"cpu=max,gpu=max,ddr=max",512,cacheclip,0.05,2026-07-06,28.479546,ok,
orangepi,Orange Pi 5 Plus,Llama3.2 3B,OpenCL,"cpu=max,gpu=max,ddr=max",512,cacheclip,0.10,2026-07-06,32.467273,ok,
orangepi,Orange Pi 5 Plus,Llama3.2 3B,OpenCL,"cpu=max,gpu=max,ddr=max",512,cacheclip,0.20,2026-07-06,40.264542,ok,
orangepi,Orange Pi 5 Plus,Llama3.2 3B,OpenCL,"cpu=max,gpu=max,ddr=max",512,cacheclip,0.30,2026-07-06,50.471501,ok,
orangepi,Orange Pi 5 Plus,Llama3.2 3B,OpenCL,"cpu=max,gpu=max,ddr=max",512,cacheclip,0.40,2026-07-06,56.050403,ok,
orangepi,Orange Pi 5 Plus,Llama3.2 3B,OpenCL,"cpu=max,gpu=max,ddr=max",512,cacheclip,0.50,2026-07-06,66.088769,ok,
orangepi,Orange Pi 5 Plus,Llama3.2 3B,OpenCL,"cpu=max,gpu=max,ddr=max",512,epic,0.05,2026-06-30,12.044150,ok,
orangepi,Orange Pi 5 Plus,Llama3.2 3B,OpenCL,"cpu=max,gpu=max,ddr=max",512,epic,0.10,2026-06-30,16.806894,ok,
orangepi,Orange Pi 5 Plus,Llama3.2 3B,OpenCL,"cpu=max,gpu=max,ddr=max",512,epic,0.20,2026-06-30,27.408536,ok,
orangepi,Orange Pi 5 Plus,Llama3.2 3B,OpenCL,"cpu=max,gpu=max,ddr=max",512,epic,0.30,2026-06-30,38.706677,ok,
orangepi,Orange Pi 5 Plus,Llama3.2 3B,OpenCL,"cpu=max,gpu=max,ddr=max",512,epic,0.40,2026-06-30,50.107697,ok,
orangepi,Orange Pi 5 Plus,Llama3.2 3B,OpenCL,"cpu=max,gpu=max,ddr=max",512,epic,0.50,2026-06-30,58.453796,ok,
orangepi,Orange Pi 5 Plus,Llama3.2 3B,OpenCL,"cpu=max,gpu=max,ddr=max",512,full-reuse,0,2026-06-30,9.594064,ok,
orangepi,Orange Pi 5 Plus,Llama3.2 3B,OpenCL,"cpu=max,gpu=max,ddr=max",512,fusionrag_online,0.05,2026-07-06,23.540798,ok,
orangepi,Orange Pi 5 Plus,Llama3.2 3B,OpenCL,"cpu=max,gpu=max,ddr=max",512,fusionrag_online,0.10,2026-07-06,25.748958,ok,
orangepi,Orange Pi 5 Plus,Llama3.2 3B,OpenCL,"cpu=max,gpu=max,ddr=max",512,fusionrag_online,0.20,2026-07-06,35.653689,ok,
orangepi,Orange Pi 5 Plus,Llama3.2 3B,OpenCL,"cpu=max,gpu=max,ddr=max",512,fusionrag_online,0.30,2026-07-06,49.913913,ok,
orangepi,Orange Pi 5 Plus,Llama3.2 3B,OpenCL,"cpu=max,gpu=max,ddr=max",512,fusionrag_online,0.40,2026-07-06,61.592201,ok,
orangepi,Orange Pi 5 Plus,Llama3.2 3B,OpenCL,"cpu=max,gpu=max,ddr=max",512,fusionrag_online,0.50,2026-07-06,70.283848,ok,
orangepi,Orange Pi 5 Plus,Llama3.2 3B,OpenCL,"cpu=max,gpu=max,ddr=max",512,normal-full-recompute,full,2026-06-30,172.820805,ok,
orangepi,Orange Pi 5 Plus,Llama3.2 3B,OpenCL,"cpu=max,gpu=max,ddr=max",1024,cacheblend,0.05,2026-06-30,14.582495,ok,
orangepi,Orange Pi 5 Plus,Llama3.2 3B,OpenCL,"cpu=max,gpu=max,ddr=max",1024,cacheblend,0.10,2026-06-30,18.513917,ok,
orangepi,Orange Pi 5 Plus,Llama3.2 3B,OpenCL,"cpu=max,gpu=max,ddr=max",1024,cacheblend,0.20,2026-06-30,28.774780,ok,
orangepi,Orange Pi 5 Plus,Llama3.2 3B,OpenCL,"cpu=max,gpu=max,ddr=max",1024,cacheblend,0.30,2026-06-30,36.458325,ok,
orangepi,Orange Pi 5 Plus,Llama3.2 3B,OpenCL,"cpu=max,gpu=max,ddr=max",1024,cacheblend,0.40,2026-06-30,49.414409,ok,
orangepi,Orange Pi 5 Plus,Llama3.2 3B,OpenCL,"cpu=max,gpu=max,ddr=max",1024,cacheblend,0.50,2026-06-30,58.790604,ok,
orangepi,Orange Pi 5 Plus,Llama3.2 3B,OpenCL,"cpu=max,gpu=max,ddr=max",1024,cacheclip,0.05,2026-07-06,30.603226,ok,
orangepi,Orange Pi 5 Plus,Llama3.2 3B,OpenCL,"cpu=max,gpu=max,ddr=max",1024,cacheclip,0.10,2026-07-06,36.505913,ok,
orangepi,Orange Pi 5 Plus,Llama3.2 3B,OpenCL,"cpu=max,gpu=max,ddr=max",1024,cacheclip,0.20,2026-07-06,45.879028,ok,
orangepi,Orange Pi 5 Plus,Llama3.2 3B,OpenCL,"cpu=max,gpu=max,ddr=max",1024,cacheclip,0.30,2026-07-06,53.192529,ok,
orangepi,Orange Pi 5 Plus,Llama3.2 3B,OpenCL,"cpu=max,gpu=max,ddr=max",1024,cacheclip,0.40,2026-07-06,63.286531,ok,
orangepi,Orange Pi 5 Plus,Llama3.2 3B,OpenCL,"cpu=max,gpu=max,ddr=max",1024,cacheclip,0.50,2026-07-06,72.547191,ok,
orangepi,Orange Pi 5 Plus,Llama3.2 3B,OpenCL,"cpu=max,gpu=max,ddr=max",1024,epic,0.05,2026-06-30,13.669205,ok,
orangepi,Orange Pi 5 Plus,Llama3.2 3B,OpenCL,"cpu=max,gpu=max,ddr=max",1024,epic,0.10,2026-06-30,17.445896,ok,
orangepi,Orange Pi 5 Plus,Llama3.2 3B,OpenCL,"cpu=max,gpu=max,ddr=max",1024,epic,0.20,2026-06-30,26.421456,ok,
orangepi,Orange Pi 5 Plus,Llama3.2 3B,OpenCL,"cpu=max,gpu=max,ddr=max",1024,epic,0.30,2026-06-30,34.391570,ok,
orangepi,Orange Pi 5 Plus,Llama3.2 3B,OpenCL,"cpu=max,gpu=max,ddr=max",1024,epic,0.40,2026-06-30,44.913841,ok,
orangepi,Orange Pi 5 Plus,Llama3.2 3B,OpenCL,"cpu=max,gpu=max,ddr=max",1024,epic,0.50,2026-06-30,54.927758,ok,
orangepi,Orange Pi 5 Plus,Llama3.2 3B,OpenCL,"cpu=max,gpu=max,ddr=max",1024,full-reuse,0,2026-06-30,5.848687,ok,
orangepi,Orange Pi 5 Plus,Llama3.2 3B,OpenCL,"cpu=max,gpu=max,ddr=max",1024,fusionrag_online,0.05,2026-07-06,18.471759,ok,
orangepi,Orange Pi 5 Plus,Llama3.2 3B,OpenCL,"cpu=max,gpu=max,ddr=max",1024,fusionrag_online,0.10,2026-07-06,23.659339,ok,
orangepi,Orange Pi 5 Plus,Llama3.2 3B,OpenCL,"cpu=max,gpu=max,ddr=max",1024,fusionrag_online,0.20,2026-07-06,34.366449,ok,
orangepi,Orange Pi 5 Plus,Llama3.2 3B,OpenCL,"cpu=max,gpu=max,ddr=max",1024,fusionrag_online,0.30,2026-07-06,42.865363,ok,
orangepi,Orange Pi 5 Plus,Llama3.2 3B,OpenCL,"cpu=max,gpu=max,ddr=max",1024,fusionrag_online,0.40,2026-07-06,53.666867,ok,
orangepi,Orange Pi 5 Plus,Llama3.2 3B,OpenCL,"cpu=max,gpu=max,ddr=max",1024,fusionrag_online,0.50,2026-07-06,63.309330,ok,
orangepi,Orange Pi 5 Plus,Llama3.2 3B,OpenCL,"cpu=max,gpu=max,ddr=max",1024,normal-full-recompute,full,2026-06-30,160.690732,ok,
orangepi,Orange Pi 5 Plus,Llama3.2 3B,OpenCL,"cpu=max,gpu=max,ddr=max",1536,cacheblend,0.05,2026-06-30,13.115705,ok,
orangepi,Orange Pi 5 Plus,Llama3.2 3B,OpenCL,"cpu=max,gpu=max,ddr=max",1536,cacheblend,0.10,2026-06-30,17.169582,ok,
orangepi,Orange Pi 5 Plus,Llama3.2 3B,OpenCL,"cpu=max,gpu=max,ddr=max",1536,cacheblend,0.20,2026-06-30,21.549629,ok,
orangepi,Orange Pi 5 Plus,Llama3.2 3B,OpenCL,"cpu=max,gpu=max,ddr=max",1536,cacheblend,0.30,2026-06-30,29.023141,ok,
orangepi,Orange Pi 5 Plus,Llama3.2 3B,OpenCL,"cpu=max,gpu=max,ddr=max",1536,cacheblend,0.40,2026-06-30,35.710142,ok,
orangepi,Orange Pi 5 Plus,Llama3.2 3B,OpenCL,"cpu=max,gpu=max,ddr=max",1536,cacheblend,0.50,2026-06-30,45.864849,ok,
orangepi,Orange Pi 5 Plus,Llama3.2 3B,OpenCL,"cpu=max,gpu=max,ddr=max",1536,cacheclip,0.05,2026-07-06,34.255790,ok,
orangepi,Orange Pi 5 Plus,Llama3.2 3B,OpenCL,"cpu=max,gpu=max,ddr=max",1536,cacheclip,0.10,2026-07-06,39.096575,ok,
orangepi,Orange Pi 5 Plus,Llama3.2 3B,OpenCL,"cpu=max,gpu=max,ddr=max",1536,cacheclip,0.20,2026-07-06,45.655680,ok,
orangepi,Orange Pi 5 Plus,Llama3.2 3B,OpenCL,"cpu=max,gpu=max,ddr=max",1536,cacheclip,0.30,2026-07-06,49.246790,ok,
orangepi,Orange Pi 5 Plus,Llama3.2 3B,OpenCL,"cpu=max,gpu=max,ddr=max",1536,cacheclip,0.40,2026-07-06,55.490907,ok,
orangepi,Orange Pi 5 Plus,Llama3.2 3B,OpenCL,"cpu=max,gpu=max,ddr=max",1536,cacheclip,0.50,2026-07-06,66.693531,ok,
orangepi,Orange Pi 5 Plus,Llama3.2 3B,OpenCL,"cpu=max,gpu=max,ddr=max",1536,epic,0.05,2026-06-30,11.961311,ok,
orangepi,Orange Pi 5 Plus,Llama3.2 3B,OpenCL,"cpu=max,gpu=max,ddr=max",1536,epic,0.10,2026-06-30,16.520446,ok,
orangepi,Orange Pi 5 Plus,Llama3.2 3B,OpenCL,"cpu=max,gpu=max,ddr=max",1536,epic,0.20,2026-06-30,22.185114,ok,
orangepi,Orange Pi 5 Plus,Llama3.2 3B,OpenCL,"cpu=max,gpu=max,ddr=max",1536,epic,0.30,2026-06-30,28.499461,ok,
orangepi,Orange Pi 5 Plus,Llama3.2 3B,OpenCL,"cpu=max,gpu=max,ddr=max",1536,epic,0.40,2026-06-30,34.649547,ok,
orangepi,Orange Pi 5 Plus,Llama3.2 3B,OpenCL,"cpu=max,gpu=max,ddr=max",1536,epic,0.50,2026-06-30,47.193063,ok,
orangepi,Orange Pi 5 Plus,Llama3.2 3B,OpenCL,"cpu=max,gpu=max,ddr=max",1536,full-reuse,0,2026-06-30,4.329447,ok,
orangepi,Orange Pi 5 Plus,Llama3.2 3B,OpenCL,"cpu=max,gpu=max,ddr=max",1536,fusionrag_online,0.05,2026-07-06,17.429480,ok,
orangepi,Orange Pi 5 Plus,Llama3.2 3B,OpenCL,"cpu=max,gpu=max,ddr=max",1536,fusionrag_online,0.10,2026-07-06,23.140404,ok,
orangepi,Orange Pi 5 Plus,Llama3.2 3B,OpenCL,"cpu=max,gpu=max,ddr=max",1536,fusionrag_online,0.20,2026-07-06,32.032084,ok,
orangepi,Orange Pi 5 Plus,Llama3.2 3B,OpenCL,"cpu=max,gpu=max,ddr=max",1536,fusionrag_online,0.30,2026-07-06,36.524907,ok,
orangepi,Orange Pi 5 Plus,Llama3.2 3B,OpenCL,"cpu=max,gpu=max,ddr=max",1536,fusionrag_online,0.40,2026-07-06,43.887044,ok,
orangepi,Orange Pi 5 Plus,Llama3.2 3B,OpenCL,"cpu=max,gpu=max,ddr=max",1536,fusionrag_online,0.50,2026-07-06,64.635520,ok,
orangepi,Orange Pi 5 Plus,Llama3.2 3B,OpenCL,"cpu=max,gpu=max,ddr=max",1536,normal-full-recompute,full,2026-06-30,162.393883,ok,
orangepi,Orange Pi 5 Plus,Llama3.2 3B,OpenCL,"cpu=max,gpu=max,ddr=max",2048,cacheblend,0.05,2026-06-30,14.885118,ok,
orangepi,Orange Pi 5 Plus,Llama3.2 3B,OpenCL,"cpu=max,gpu=max,ddr=max",2048,cacheblend,0.10,2026-06-30,21.461942,ok,
orangepi,Orange Pi 5 Plus,Llama3.2 3B,OpenCL,"cpu=max,gpu=max,ddr=max",2048,cacheblend,0.20,2026-06-30,31.680117,ok,
orangepi,Orange Pi 5 Plus,Llama3.2 3B,OpenCL,"cpu=max,gpu=max,ddr=max",2048,cacheblend,0.30,2026-06-30,40.390456,ok,
orangepi,Orange Pi 5 Plus,Llama3.2 3B,OpenCL,"cpu=max,gpu=max,ddr=max",2048,cacheblend,0.40,2026-06-30,51.583622,ok,
orangepi,Orange Pi 5 Plus,Llama3.2 3B,OpenCL,"cpu=max,gpu=max,ddr=max",2048,cacheblend,0.50,2026-06-30,64.781415,ok,
orangepi,Orange Pi 5 Plus,Llama3.2 3B,OpenCL,"cpu=max,gpu=max,ddr=max",2048,cacheclip,0.05,2026-07-06,38.536249,ok,
orangepi,Orange Pi 5 Plus,Llama3.2 3B,OpenCL,"cpu=max,gpu=max,ddr=max",2048,cacheclip,0.10,2026-07-06,42.749071,ok,
orangepi,Orange Pi 5 Plus,Llama3.2 3B,OpenCL,"cpu=max,gpu=max,ddr=max",2048,cacheclip,0.20,2026-07-06,48.910328,ok,
orangepi,Orange Pi 5 Plus,Llama3.2 3B,OpenCL,"cpu=max,gpu=max,ddr=max",2048,cacheclip,0.30,2026-07-06,53.716705,ok,
orangepi,Orange Pi 5 Plus,Llama3.2 3B,OpenCL,"cpu=max,gpu=max,ddr=max",2048,cacheclip,0.40,2026-07-06,63.217599,ok,
orangepi,Orange Pi 5 Plus,Llama3.2 3B,OpenCL,"cpu=max,gpu=max,ddr=max",2048,cacheclip,0.50,2026-07-06,72.152040,ok,
orangepi,Orange Pi 5 Plus,Llama3.2 3B,OpenCL,"cpu=max,gpu=max,ddr=max",2048,epic,0.05,2026-06-30,13.214670,ok,
orangepi,Orange Pi 5 Plus,Llama3.2 3B,OpenCL,"cpu=max,gpu=max,ddr=max",2048,epic,0.10,2026-06-30,18.348312,ok,
orangepi,Orange Pi 5 Plus,Llama3.2 3B,OpenCL,"cpu=max,gpu=max,ddr=max",2048,epic,0.20,2026-06-30,26.690566,ok,
orangepi,Orange Pi 5 Plus,Llama3.2 3B,OpenCL,"cpu=max,gpu=max,ddr=max",2048,epic,0.30,2026-06-30,34.635707,ok,
orangepi,Orange Pi 5 Plus,Llama3.2 3B,OpenCL,"cpu=max,gpu=max,ddr=max",2048,epic,0.40,2026-06-30,44.791198,ok,
orangepi,Orange Pi 5 Plus,Llama3.2 3B,OpenCL,"cpu=max,gpu=max,ddr=max",2048,epic,0.50,2026-06-30,56.754685,ok,
orangepi,Orange Pi 5 Plus,Llama3.2 3B,OpenCL,"cpu=max,gpu=max,ddr=max",2048,full-reuse,0,2026-06-30,3.493181,ok,
orangepi,Orange Pi 5 Plus,Llama3.2 3B,OpenCL,"cpu=max,gpu=max,ddr=max",2048,fusionrag_online,0.05,2026-07-06,17.513838,ok,
orangepi,Orange Pi 5 Plus,Llama3.2 3B,OpenCL,"cpu=max,gpu=max,ddr=max",2048,fusionrag_online,0.10,2026-07-06,24.649507,ok,
orangepi,Orange Pi 5 Plus,Llama3.2 3B,OpenCL,"cpu=max,gpu=max,ddr=max",2048,fusionrag_online,0.20,2026-07-06,35.478015,ok,
orangepi,Orange Pi 5 Plus,Llama3.2 3B,OpenCL,"cpu=max,gpu=max,ddr=max",2048,fusionrag_online,0.30,2026-07-06,44.216090,ok,
orangepi,Orange Pi 5 Plus,Llama3.2 3B,OpenCL,"cpu=max,gpu=max,ddr=max",2048,fusionrag_online,0.40,2026-07-06,56.189107,ok,
orangepi,Orange Pi 5 Plus,Llama3.2 3B,OpenCL,"cpu=max,gpu=max,ddr=max",2048,fusionrag_online,0.50,2026-07-06,68.421401,ok,
orangepi,Orange Pi 5 Plus,Llama3.2 3B,OpenCL,"cpu=max,gpu=max,ddr=max",2048,normal-full-recompute,full,2026-06-30,132.578828,ok,
orangepi,Orange Pi 5 Plus,MiniCPM5-1B,OpenCL,"cpu=max,gpu=max,ddr=max",512,cacheblend,0.05,2026-06-30,5.094566,ok,
orangepi,Orange Pi 5 Plus,MiniCPM5-1B,OpenCL,"cpu=max,gpu=max,ddr=max",512,cacheblend,0.10,2026-06-30,4.814708,ok,
orangepi,Orange Pi 5 Plus,MiniCPM5-1B,OpenCL,"cpu=max,gpu=max,ddr=max",512,cacheblend,0.20,2026-06-30,6.598431,ok,
orangepi,Orange Pi 5 Plus,MiniCPM5-1B,OpenCL,"cpu=max,gpu=max,ddr=max",512,cacheblend,0.30,2026-06-30,10.330502,ok,
orangepi,Orange Pi 5 Plus,MiniCPM5-1B,OpenCL,"cpu=max,gpu=max,ddr=max",512,cacheblend,0.40,2026-06-30,13.149198,ok,
orangepi,Orange Pi 5 Plus,MiniCPM5-1B,OpenCL,"cpu=max,gpu=max,ddr=max",512,cacheblend,0.50,2026-06-30,14.733298,ok,
orangepi,Orange Pi 5 Plus,MiniCPM5-1B,OpenCL,"cpu=max,gpu=max,ddr=max",512,cacheclip,0.05,2026-07-06,28.465745,ok,
orangepi,Orange Pi 5 Plus,MiniCPM5-1B,OpenCL,"cpu=max,gpu=max,ddr=max",512,cacheclip,0.10,2026-07-06,29.806485,ok,
orangepi,Orange Pi 5 Plus,MiniCPM5-1B,OpenCL,"cpu=max,gpu=max,ddr=max",512,cacheclip,0.20,2026-07-06,32.202212,ok,
orangepi,Orange Pi 5 Plus,MiniCPM5-1B,OpenCL,"cpu=max,gpu=max,ddr=max",512,cacheclip,0.30,2026-07-06,34.889921,ok,
orangepi,Orange Pi 5 Plus,MiniCPM5-1B,OpenCL,"cpu=max,gpu=max,ddr=max",512,cacheclip,0.40,2026-07-06,36.316819,ok,
orangepi,Orange Pi 5 Plus,MiniCPM5-1B,OpenCL,"cpu=max,gpu=max,ddr=max",512,cacheclip,0.50,2026-07-06,38.906227,ok,
orangepi,Orange Pi 5 Plus,MiniCPM5-1B,OpenCL,"cpu=max,gpu=max,ddr=max",512,epic,0.05,2026-06-30,3.139341,ok,
orangepi,Orange Pi 5 Plus,MiniCPM5-1B,OpenCL,"cpu=max,gpu=max,ddr=max",512,epic,0.10,2026-06-30,3.536907,ok,
orangepi,Orange Pi 5 Plus,MiniCPM5-1B,OpenCL,"cpu=max,gpu=max,ddr=max",512,epic,0.20,2026-06-30,6.295187,ok,
orangepi,Orange Pi 5 Plus,MiniCPM5-1B,OpenCL,"cpu=max,gpu=max,ddr=max",512,epic,0.30,2026-06-30,8.664677,ok,
orangepi,Orange Pi 5 Plus,MiniCPM5-1B,OpenCL,"cpu=max,gpu=max,ddr=max",512,epic,0.40,2026-06-30,11.208497,ok,
orangepi,Orange Pi 5 Plus,MiniCPM5-1B,OpenCL,"cpu=max,gpu=max,ddr=max",512,epic,0.50,2026-06-30,13.425007,ok,
orangepi,Orange Pi 5 Plus,MiniCPM5-1B,OpenCL,"cpu=max,gpu=max,ddr=max",512,full-reuse,0,2026-06-30,2.995909,ok,
orangepi,Orange Pi 5 Plus,MiniCPM5-1B,OpenCL,"cpu=max,gpu=max,ddr=max",512,fusionrag_online,0.05,2026-07-06,6.815335,ok,
orangepi,Orange Pi 5 Plus,MiniCPM5-1B,OpenCL,"cpu=max,gpu=max,ddr=max",512,fusionrag_online,0.10,2026-07-06,7.621225,ok,
orangepi,Orange Pi 5 Plus,MiniCPM5-1B,OpenCL,"cpu=max,gpu=max,ddr=max",512,fusionrag_online,0.20,2026-07-06,10.401265,ok,
orangepi,Orange Pi 5 Plus,MiniCPM5-1B,OpenCL,"cpu=max,gpu=max,ddr=max",512,fusionrag_online,0.30,2026-07-06,14.032148,ok,
orangepi,Orange Pi 5 Plus,MiniCPM5-1B,OpenCL,"cpu=max,gpu=max,ddr=max",512,fusionrag_online,0.40,2026-07-06,17.352530,ok,
orangepi,Orange Pi 5 Plus,MiniCPM5-1B,OpenCL,"cpu=max,gpu=max,ddr=max",512,fusionrag_online,0.50,2026-07-06,20.204866,ok,
orangepi,Orange Pi 5 Plus,MiniCPM5-1B,OpenCL,"cpu=max,gpu=max,ddr=max",512,normal-full-recompute,full,2026-06-30,52.894624,ok,
orangepi,Orange Pi 5 Plus,MiniCPM5-1B,OpenCL,"cpu=max,gpu=max,ddr=max",1024,cacheblend,0.05,2026-06-30,4.199553,ok,
orangepi,Orange Pi 5 Plus,MiniCPM5-1B,OpenCL,"cpu=max,gpu=max,ddr=max",1024,cacheblend,0.10,2026-06-30,5.293199,ok,
orangepi,Orange Pi 5 Plus,MiniCPM5-1B,OpenCL,"cpu=max,gpu=max,ddr=max",1024,cacheblend,0.20,2026-06-30,9.128770,ok,
orangepi,Orange Pi 5 Plus,MiniCPM5-1B,OpenCL,"cpu=max,gpu=max,ddr=max",1024,cacheblend,0.30,2026-06-30,10.441707,ok,
orangepi,Orange Pi 5 Plus,MiniCPM5-1B,OpenCL,"cpu=max,gpu=max,ddr=max",1024,cacheblend,0.40,2026-06-30,14.254319,ok,
orangepi,Orange Pi 5 Plus,MiniCPM5-1B,OpenCL,"cpu=max,gpu=max,ddr=max",1024,cacheblend,0.50,2026-06-30,17.258769,ok,
orangepi,Orange Pi 5 Plus,MiniCPM5-1B,OpenCL,"cpu=max,gpu=max,ddr=max",1024,cacheclip,0.05,2026-07-06,35.909238,ok,
orangepi,Orange Pi 5 Plus,MiniCPM5-1B,OpenCL,"cpu=max,gpu=max,ddr=max",1024,cacheclip,0.10,2026-07-06,37.219649,ok,
orangepi,Orange Pi 5 Plus,MiniCPM5-1B,OpenCL,"cpu=max,gpu=max,ddr=max",1024,cacheclip,0.20,2026-07-06,39.683558,ok,
orangepi,Orange Pi 5 Plus,MiniCPM5-1B,OpenCL,"cpu=max,gpu=max,ddr=max",1024,cacheclip,0.30,2026-07-06,40.373380,ok,
orangepi,Orange Pi 5 Plus,MiniCPM5-1B,OpenCL,"cpu=max,gpu=max,ddr=max",1024,cacheclip,0.40,2026-07-06,42.952601,ok,
orangepi,Orange Pi 5 Plus,MiniCPM5-1B,OpenCL,"cpu=max,gpu=max,ddr=max",1024,cacheclip,0.50,2026-07-06,46.769401,ok,
orangepi,Orange Pi 5 Plus,MiniCPM5-1B,OpenCL,"cpu=max,gpu=max,ddr=max",1024,epic,0.05,2026-06-30,4.034639,ok,
orangepi,Orange Pi 5 Plus,MiniCPM5-1B,OpenCL,"cpu=max,gpu=max,ddr=max",1024,epic,0.10,2026-06-30,5.705394,ok,
orangepi,Orange Pi 5 Plus,MiniCPM5-1B,OpenCL,"cpu=max,gpu=max,ddr=max",1024,epic,0.20,2026-06-30,8.118304,ok,
orangepi,Orange Pi 5 Plus,MiniCPM5-1B,OpenCL,"cpu=max,gpu=max,ddr=max",1024,epic,0.30,2026-06-30,9.930312,ok,
orangepi,Orange Pi 5 Plus,MiniCPM5-1B,OpenCL,"cpu=max,gpu=max,ddr=max",1024,epic,0.40,2026-06-30,12.542711,ok,
orangepi,Orange Pi 5 Plus,MiniCPM5-1B,OpenCL,"cpu=max,gpu=max,ddr=max",1024,epic,0.50,2026-06-30,14.827594,ok,
orangepi,Orange Pi 5 Plus,MiniCPM5-1B,OpenCL,"cpu=max,gpu=max,ddr=max",1024,full-reuse,0,2026-06-30,1.883615,ok,
orangepi,Orange Pi 5 Plus,MiniCPM5-1B,OpenCL,"cpu=max,gpu=max,ddr=max",1024,fusionrag_online,0.05,2026-07-06,6.167275,ok,
orangepi,Orange Pi 5 Plus,MiniCPM5-1B,OpenCL,"cpu=max,gpu=max,ddr=max",1024,fusionrag_online,0.10,2026-07-06,7.755776,ok,
orangepi,Orange Pi 5 Plus,MiniCPM5-1B,OpenCL,"cpu=max,gpu=max,ddr=max",1024,fusionrag_online,0.20,2026-07-06,11.226298,ok,
orangepi,Orange Pi 5 Plus,MiniCPM5-1B,OpenCL,"cpu=max,gpu=max,ddr=max",1024,fusionrag_online,0.30,2026-07-06,12.733608,ok,
orangepi,Orange Pi 5 Plus,MiniCPM5-1B,OpenCL,"cpu=max,gpu=max,ddr=max",1024,fusionrag_online,0.40,2026-07-06,16.861409,ok,
orangepi,Orange Pi 5 Plus,MiniCPM5-1B,OpenCL,"cpu=max,gpu=max,ddr=max",1024,fusionrag_online,0.50,2026-07-06,20.065445,ok,
orangepi,Orange Pi 5 Plus,MiniCPM5-1B,OpenCL,"cpu=max,gpu=max,ddr=max",1024,normal-full-recompute,full,2026-06-30,56.311299,ok,
orangepi,Orange Pi 5 Plus,MiniCPM5-1B,OpenCL,"cpu=max,gpu=max,ddr=max",1536,cacheblend,0.05,2026-06-30,5.009723,ok,
orangepi,Orange Pi 5 Plus,MiniCPM5-1B,OpenCL,"cpu=max,gpu=max,ddr=max",1536,cacheblend,0.10,2026-06-30,6.885198,ok,
orangepi,Orange Pi 5 Plus,MiniCPM5-1B,OpenCL,"cpu=max,gpu=max,ddr=max",1536,cacheblend,0.20,2026-06-30,9.903085,ok,
orangepi,Orange Pi 5 Plus,MiniCPM5-1B,OpenCL,"cpu=max,gpu=max,ddr=max",1536,cacheblend,0.30,2026-06-30,13.091930,ok,
orangepi,Orange Pi 5 Plus,MiniCPM5-1B,OpenCL,"cpu=max,gpu=max,ddr=max",1536,cacheblend,0.40,2026-06-30,15.949461,ok,
orangepi,Orange Pi 5 Plus,MiniCPM5-1B,OpenCL,"cpu=max,gpu=max,ddr=max",1536,cacheblend,0.50,2026-06-30,19.389876,ok,
orangepi,Orange Pi 5 Plus,MiniCPM5-1B,OpenCL,"cpu=max,gpu=max,ddr=max",1536,cacheclip,0.05,2026-07-06,45.830667,ok,
orangepi,Orange Pi 5 Plus,MiniCPM5-1B,OpenCL,"cpu=max,gpu=max,ddr=max",1536,cacheclip,0.10,2026-07-06,47.429076,ok,
orangepi,Orange Pi 5 Plus,MiniCPM5-1B,OpenCL,"cpu=max,gpu=max,ddr=max",1536,cacheclip,0.20,2026-07-06,49.997536,ok,
orangepi,Orange Pi 5 Plus,MiniCPM5-1B,OpenCL,"cpu=max,gpu=max,ddr=max",1536,cacheclip,0.30,2026-07-06,51.653296,ok,
orangepi,Orange Pi 5 Plus,MiniCPM5-1B,OpenCL,"cpu=max,gpu=max,ddr=max",1536,cacheclip,0.40,2026-07-06,53.850879,ok,
orangepi,Orange Pi 5 Plus,MiniCPM5-1B,OpenCL,"cpu=max,gpu=max,ddr=max",1536,cacheclip,0.50,2026-07-06,58.376500,ok,
orangepi,Orange Pi 5 Plus,MiniCPM5-1B,OpenCL,"cpu=max,gpu=max,ddr=max",1536,epic,0.05,2026-06-30,4.259441,ok,
orangepi,Orange Pi 5 Plus,MiniCPM5-1B,OpenCL,"cpu=max,gpu=max,ddr=max",1536,epic,0.10,2026-06-30,5.625476,ok,
orangepi,Orange Pi 5 Plus,MiniCPM5-1B,OpenCL,"cpu=max,gpu=max,ddr=max",1536,epic,0.20,2026-06-30,8.060132,ok,
orangepi,Orange Pi 5 Plus,MiniCPM5-1B,OpenCL,"cpu=max,gpu=max,ddr=max",1536,epic,0.30,2026-06-30,9.763216,ok,
orangepi,Orange Pi 5 Plus,MiniCPM5-1B,OpenCL,"cpu=max,gpu=max,ddr=max",1536,epic,0.40,2026-06-30,12.842106,ok,
orangepi,Orange Pi 5 Plus,MiniCPM5-1B,OpenCL,"cpu=max,gpu=max,ddr=max",1536,epic,0.50,2026-06-30,16.937278,ok,
orangepi,Orange Pi 5 Plus,MiniCPM5-1B,OpenCL,"cpu=max,gpu=max,ddr=max",1536,full-reuse,0,2026-06-30,1.338507,ok,
orangepi,Orange Pi 5 Plus,MiniCPM5-1B,OpenCL,"cpu=max,gpu=max,ddr=max",1536,fusionrag_online,0.05,2026-07-06,6.093794,ok,
orangepi,Orange Pi 5 Plus,MiniCPM5-1B,OpenCL,"cpu=max,gpu=max,ddr=max",1536,fusionrag_online,0.10,2026-07-06,8.229977,ok,
orangepi,Orange Pi 5 Plus,MiniCPM5-1B,OpenCL,"cpu=max,gpu=max,ddr=max",1536,fusionrag_online,0.20,2026-07-06,10.240551,ok,
orangepi,Orange Pi 5 Plus,MiniCPM5-1B,OpenCL,"cpu=max,gpu=max,ddr=max",1536,fusionrag_online,0.30,2026-07-06,12.528624,ok,
orangepi,Orange Pi 5 Plus,MiniCPM5-1B,OpenCL,"cpu=max,gpu=max,ddr=max",1536,fusionrag_online,0.40,2026-07-06,15.237124,ok,
orangepi,Orange Pi 5 Plus,MiniCPM5-1B,OpenCL,"cpu=max,gpu=max,ddr=max",1536,fusionrag_online,0.50,2026-07-06,18.403815,ok,
orangepi,Orange Pi 5 Plus,MiniCPM5-1B,OpenCL,"cpu=max,gpu=max,ddr=max",1536,normal-full-recompute,full,2026-06-30,56.259328,ok,
orangepi,Orange Pi 5 Plus,MiniCPM5-1B,OpenCL,"cpu=max,gpu=max,ddr=max",2048,cacheblend,0.05,2026-06-30,6.346873,ok,
orangepi,Orange Pi 5 Plus,MiniCPM5-1B,OpenCL,"cpu=max,gpu=max,ddr=max",2048,cacheblend,0.10,2026-06-30,8.153199,ok,
orangepi,Orange Pi 5 Plus,MiniCPM5-1B,OpenCL,"cpu=max,gpu=max,ddr=max",2048,cacheblend,0.20,2026-06-30,11.558761,ok,
orangepi,Orange Pi 5 Plus,MiniCPM5-1B,OpenCL,"cpu=max,gpu=max,ddr=max",2048,cacheblend,0.30,2026-06-30,14.353496,ok,
orangepi,Orange Pi 5 Plus,MiniCPM5-1B,OpenCL,"cpu=max,gpu=max,ddr=max",2048,cacheblend,0.40,2026-06-30,16.047592,ok,
orangepi,Orange Pi 5 Plus,MiniCPM5-1B,OpenCL,"cpu=max,gpu=max,ddr=max",2048,cacheblend,0.50,2026-06-30,19.112874,ok,
orangepi,Orange Pi 5 Plus,MiniCPM5-1B,OpenCL,"cpu=max,gpu=max,ddr=max",2048,cacheclip,0.05,2026-07-06,57.245621,ok,
orangepi,Orange Pi 5 Plus,MiniCPM5-1B,OpenCL,"cpu=max,gpu=max,ddr=max",2048,cacheclip,0.10,2026-07-06,58.568251,ok,
orangepi,Orange Pi 5 Plus,MiniCPM5-1B,OpenCL,"cpu=max,gpu=max,ddr=max",2048,cacheclip,0.20,2026-07-06,59.948842,ok,
orangepi,Orange Pi 5 Plus,MiniCPM5-1B,OpenCL,"cpu=max,gpu=max,ddr=max",2048,cacheclip,0.30,2026-07-06,61.517217,ok,
orangepi,Orange Pi 5 Plus,MiniCPM5-1B,OpenCL,"cpu=max,gpu=max,ddr=max",2048,cacheclip,0.40,2026-07-06,64.462305,ok,
orangepi,Orange Pi 5 Plus,MiniCPM5-1B,OpenCL,"cpu=max,gpu=max,ddr=max",2048,cacheclip,0.50,2026-07-06,67.168218,ok,
orangepi,Orange Pi 5 Plus,MiniCPM5-1B,OpenCL,"cpu=max,gpu=max,ddr=max",2048,epic,0.05,2026-06-30,5.027117,ok,
orangepi,Orange Pi 5 Plus,MiniCPM5-1B,OpenCL,"cpu=max,gpu=max,ddr=max",2048,epic,0.10,2026-06-30,6.432111,ok,
orangepi,Orange Pi 5 Plus,MiniCPM5-1B,OpenCL,"cpu=max,gpu=max,ddr=max",2048,epic,0.20,2026-06-30,8.798418,ok,
orangepi,Orange Pi 5 Plus,MiniCPM5-1B,OpenCL,"cpu=max,gpu=max,ddr=max",2048,epic,0.30,2026-06-30,11.074564,ok,
orangepi,Orange Pi 5 Plus,MiniCPM5-1B,OpenCL,"cpu=max,gpu=max,ddr=max",2048,epic,0.40,2026-06-30,12.803469,ok,
orangepi,Orange Pi 5 Plus,MiniCPM5-1B,OpenCL,"cpu=max,gpu=max,ddr=max",2048,epic,0.50,2026-06-30,15.452094,ok,
orangepi,Orange Pi 5 Plus,MiniCPM5-1B,OpenCL,"cpu=max,gpu=max,ddr=max",2048,full-reuse,0,2026-06-30,1.139473,ok,
orangepi,Orange Pi 5 Plus,MiniCPM5-1B,OpenCL,"cpu=max,gpu=max,ddr=max",2048,fusionrag_online,0.05,2026-07-06,6.661123,ok,
orangepi,Orange Pi 5 Plus,MiniCPM5-1B,OpenCL,"cpu=max,gpu=max,ddr=max",2048,fusionrag_online,0.10,2026-07-06,8.481091,ok,
orangepi,Orange Pi 5 Plus,MiniCPM5-1B,OpenCL,"cpu=max,gpu=max,ddr=max",2048,fusionrag_online,0.20,2026-07-06,11.676981,ok,
orangepi,Orange Pi 5 Plus,MiniCPM5-1B,OpenCL,"cpu=max,gpu=max,ddr=max",2048,fusionrag_online,0.30,2026-07-06,14.125990,ok,
orangepi,Orange Pi 5 Plus,MiniCPM5-1B,OpenCL,"cpu=max,gpu=max,ddr=max",2048,fusionrag_online,0.40,2026-07-06,16.944838,ok,
orangepi,Orange Pi 5 Plus,MiniCPM5-1B,OpenCL,"cpu=max,gpu=max,ddr=max",2048,fusionrag_online,0.50,2026-07-06,20.150857,ok,
orangepi,Orange Pi 5 Plus,MiniCPM5-1B,OpenCL,"cpu=max,gpu=max,ddr=max",2048,normal-full-recompute,full,2026-06-30,60.627372,ok,
orangepi,Orange Pi 5 Plus,Qwen3-4B,OpenCL,"cpu=max,gpu=max,ddr=max",512,cacheblend,0.05,2026-06-30,16.496541,ok,
orangepi,Orange Pi 5 Plus,Qwen3-4B,OpenCL,"cpu=max,gpu=max,ddr=max",512,cacheblend,0.10,2026-06-30,20.150678,ok,
orangepi,Orange Pi 5 Plus,Qwen3-4B,OpenCL,"cpu=max,gpu=max,ddr=max",512,cacheblend,0.20,2026-06-30,36.257350,ok,
orangepi,Orange Pi 5 Plus,Qwen3-4B,OpenCL,"cpu=max,gpu=max,ddr=max",512,cacheblend,0.30,2026-06-30,47.804552,ok,
orangepi,Orange Pi 5 Plus,Qwen3-4B,OpenCL,"cpu=max,gpu=max,ddr=max",512,cacheblend,0.40,2026-06-30,62.283864,ok,
orangepi,Orange Pi 5 Plus,Qwen3-4B,OpenCL,"cpu=max,gpu=max,ddr=max",512,cacheblend,0.50,2026-06-30,75.952713,ok,
orangepi,Orange Pi 5 Plus,Qwen3-4B,OpenCL,"cpu=max,gpu=max,ddr=max",512,cacheclip,0.05,2026-07-06,33.215403,ok,
orangepi,Orange Pi 5 Plus,Qwen3-4B,OpenCL,"cpu=max,gpu=max,ddr=max",512,cacheclip,0.10,2026-07-06,38.239173,ok,
orangepi,Orange Pi 5 Plus,Qwen3-4B,OpenCL,"cpu=max,gpu=max,ddr=max",512,cacheclip,0.20,2026-07-06,50.990579,ok,
orangepi,Orange Pi 5 Plus,Qwen3-4B,OpenCL,"cpu=max,gpu=max,ddr=max",512,cacheclip,0.30,2026-07-06,62.830158,ok,
orangepi,Orange Pi 5 Plus,Qwen3-4B,OpenCL,"cpu=max,gpu=max,ddr=max",512,cacheclip,0.40,2026-07-06,80.164867,ok,
orangepi,Orange Pi 5 Plus,Qwen3-4B,OpenCL,"cpu=max,gpu=max,ddr=max",512,cacheclip,0.50,2026-07-06,82.786239,ok,
orangepi,Orange Pi 5 Plus,Qwen3-4B,OpenCL,"cpu=max,gpu=max,ddr=max",512,epic,0.05,2026-06-30,14.241178,ok,
orangepi,Orange Pi 5 Plus,Qwen3-4B,OpenCL,"cpu=max,gpu=max,ddr=max",512,epic,0.10,2026-06-30,20.214073,ok,
orangepi,Orange Pi 5 Plus,Qwen3-4B,OpenCL,"cpu=max,gpu=max,ddr=max",512,epic,0.20,2026-06-30,34.716299,ok,
orangepi,Orange Pi 5 Plus,Qwen3-4B,OpenCL,"cpu=max,gpu=max,ddr=max",512,epic,0.30,2026-06-30,46.168492,ok,
orangepi,Orange Pi 5 Plus,Qwen3-4B,OpenCL,"cpu=max,gpu=max,ddr=max",512,epic,0.40,2026-06-30,57.722980,ok,
orangepi,Orange Pi 5 Plus,Qwen3-4B,OpenCL,"cpu=max,gpu=max,ddr=max",512,epic,0.50,2026-06-30,73.291857,ok,
orangepi,Orange Pi 5 Plus,Qwen3-4B,OpenCL,"cpu=max,gpu=max,ddr=max",512,full-reuse,0,2026-06-30,12.361655,ok,
orangepi,Orange Pi 5 Plus,Qwen3-4B,OpenCL,"cpu=max,gpu=max,ddr=max",512,fusionrag_online,0.05,2026-07-06,27.198730,ok,
orangepi,Orange Pi 5 Plus,Qwen3-4B,OpenCL,"cpu=max,gpu=max,ddr=max",512,fusionrag_online,0.10,2026-07-06,31.969380,ok,
orangepi,Orange Pi 5 Plus,Qwen3-4B,OpenCL,"cpu=max,gpu=max,ddr=max",512,fusionrag_online,0.20,2026-07-06,47.480405,ok,
orangepi,Orange Pi 5 Plus,Qwen3-4B,OpenCL,"cpu=max,gpu=max,ddr=max",512,fusionrag_online,0.30,2026-07-06,61.333267,ok,
orangepi,Orange Pi 5 Plus,Qwen3-4B,OpenCL,"cpu=max,gpu=max,ddr=max",512,fusionrag_online,0.40,2026-07-06,69.111529,ok,
orangepi,Orange Pi 5 Plus,Qwen3-4B,OpenCL,"cpu=max,gpu=max,ddr=max",512,fusionrag_online,0.50,2026-07-06,78.097304,ok,
orangepi,Orange Pi 5 Plus,Qwen3-4B,OpenCL,"cpu=max,gpu=max,ddr=max",512,normal-full-recompute,full,2026-06-30,230.080265,ok,
orangepi,Orange Pi 5 Plus,Qwen3-4B,OpenCL,"cpu=max,gpu=max,ddr=max",1024,cacheblend,0.05,2026-06-30,16.013672,ok,
orangepi,Orange Pi 5 Plus,Qwen3-4B,OpenCL,"cpu=max,gpu=max,ddr=max",1024,cacheblend,0.10,2026-06-30,22.038235,ok,
orangepi,Orange Pi 5 Plus,Qwen3-4B,OpenCL,"cpu=max,gpu=max,ddr=max",1024,cacheblend,0.20,2026-06-30,35.183740,ok,
orangepi,Orange Pi 5 Plus,Qwen3-4B,OpenCL,"cpu=max,gpu=max,ddr=max",1024,cacheblend,0.30,2026-06-30,38.714469,ok,
orangepi,Orange Pi 5 Plus,Qwen3-4B,OpenCL,"cpu=max,gpu=max,ddr=max",1024,cacheblend,0.40,2026-06-30,50.666810,ok,
orangepi,Orange Pi 5 Plus,Qwen3-4B,OpenCL,"cpu=max,gpu=max,ddr=max",1024,cacheblend,0.50,2026-06-30,63.403363,ok,
orangepi,Orange Pi 5 Plus,Qwen3-4B,OpenCL,"cpu=max,gpu=max,ddr=max",1024,cacheclip,0.05,2026-07-06,34.793444,ok,
orangepi,Orange Pi 5 Plus,Qwen3-4B,OpenCL,"cpu=max,gpu=max,ddr=max",1024,cacheclip,0.10,2026-07-06,41.476339,ok,
orangepi,Orange Pi 5 Plus,Qwen3-4B,OpenCL,"cpu=max,gpu=max,ddr=max",1024,cacheclip,0.20,2026-07-06,56.133027,ok,
orangepi,Orange Pi 5 Plus,Qwen3-4B,OpenCL,"cpu=max,gpu=max,ddr=max",1024,cacheclip,0.30,2026-07-06,57.415031,ok,
orangepi,Orange Pi 5 Plus,Qwen3-4B,OpenCL,"cpu=max,gpu=max,ddr=max",1024,cacheclip,0.40,2026-07-06,68.464434,ok,
orangepi,Orange Pi 5 Plus,Qwen3-4B,OpenCL,"cpu=max,gpu=max,ddr=max",1024,cacheclip,0.50,2026-07-06,79.039236,ok,
orangepi,Orange Pi 5 Plus,Qwen3-4B,OpenCL,"cpu=max,gpu=max,ddr=max",1024,epic,0.05,2026-06-30,15.926416,ok,
orangepi,Orange Pi 5 Plus,Qwen3-4B,OpenCL,"cpu=max,gpu=max,ddr=max",1024,epic,0.10,2026-06-30,22.314865,ok,
orangepi,Orange Pi 5 Plus,Qwen3-4B,OpenCL,"cpu=max,gpu=max,ddr=max",1024,epic,0.20,2026-06-30,34.434994,ok,
orangepi,Orange Pi 5 Plus,Qwen3-4B,OpenCL,"cpu=max,gpu=max,ddr=max",1024,epic,0.30,2026-06-30,39.316457,ok,
orangepi,Orange Pi 5 Plus,Qwen3-4B,OpenCL,"cpu=max,gpu=max,ddr=max",1024,epic,0.40,2026-06-30,49.558915,ok,
orangepi,Orange Pi 5 Plus,Qwen3-4B,OpenCL,"cpu=max,gpu=max,ddr=max",1024,epic,0.50,2026-06-30,61.345900,ok,
orangepi,Orange Pi 5 Plus,Qwen3-4B,OpenCL,"cpu=max,gpu=max,ddr=max",1024,full-reuse,0,2026-06-30,7.364253,ok,
orangepi,Orange Pi 5 Plus,Qwen3-4B,OpenCL,"cpu=max,gpu=max,ddr=max",1024,fusionrag_online,0.05,2026-07-06,21.104062,ok,
orangepi,Orange Pi 5 Plus,Qwen3-4B,OpenCL,"cpu=max,gpu=max,ddr=max",1024,fusionrag_online,0.10,2026-07-06,27.790478,ok,
orangepi,Orange Pi 5 Plus,Qwen3-4B,OpenCL,"cpu=max,gpu=max,ddr=max",1024,fusionrag_online,0.20,2026-07-06,41.831448,ok,
orangepi,Orange Pi 5 Plus,Qwen3-4B,OpenCL,"cpu=max,gpu=max,ddr=max",1024,fusionrag_online,0.30,2026-07-06,45.082661,ok,
orangepi,Orange Pi 5 Plus,Qwen3-4B,OpenCL,"cpu=max,gpu=max,ddr=max",1024,fusionrag_online,0.40,2026-07-06,55.597534,ok,
orangepi,Orange Pi 5 Plus,Qwen3-4B,OpenCL,"cpu=max,gpu=max,ddr=max",1024,fusionrag_online,0.50,2026-07-06,66.681772,ok,
orangepi,Orange Pi 5 Plus,Qwen3-4B,OpenCL,"cpu=max,gpu=max,ddr=max",1024,normal-full-recompute,full,2026-06-30,221.654339,ok,
orangepi,Orange Pi 5 Plus,Qwen3-4B,OpenCL,"cpu=max,gpu=max,ddr=max",1536,cacheblend,0.05,2026-06-30,17.250660,ok,
orangepi,Orange Pi 5 Plus,Qwen3-4B,OpenCL,"cpu=max,gpu=max,ddr=max",1536,cacheblend,0.10,2026-06-30,24.506763,ok,
orangepi,Orange Pi 5 Plus,Qwen3-4B,OpenCL,"cpu=max,gpu=max,ddr=max",1536,cacheblend,0.20,2026-06-30,34.199683,ok,
orangepi,Orange Pi 5 Plus,Qwen3-4B,OpenCL,"cpu=max,gpu=max,ddr=max",1536,cacheblend,0.30,2026-06-30,45.764911,ok,
orangepi,Orange Pi 5 Plus,Qwen3-4B,OpenCL,"cpu=max,gpu=max,ddr=max",1536,cacheblend,0.40,2026-06-30,55.919258,ok,
orangepi,Orange Pi 5 Plus,Qwen3-4B,OpenCL,"cpu=max,gpu=max,ddr=max",1536,cacheblend,0.50,2026-06-30,71.724893,ok,
orangepi,Orange Pi 5 Plus,Qwen3-4B,OpenCL,"cpu=max,gpu=max,ddr=max",1536,cacheclip,0.05,2026-07-06,39.602289,ok,
orangepi,Orange Pi 5 Plus,Qwen3-4B,OpenCL,"cpu=max,gpu=max,ddr=max",1536,cacheclip,0.10,2026-07-06,45.117038,ok,
orangepi,Orange Pi 5 Plus,Qwen3-4B,OpenCL,"cpu=max,gpu=max,ddr=max",1536,cacheclip,0.20,2026-07-06,54.800092,ok,
orangepi,Orange Pi 5 Plus,Qwen3-4B,OpenCL,"cpu=max,gpu=max,ddr=max",1536,cacheclip,0.30,2026-07-06,59.852855,ok,
orangepi,Orange Pi 5 Plus,Qwen3-4B,OpenCL,"cpu=max,gpu=max,ddr=max",1536,cacheclip,0.40,2026-07-06,69.119772,ok,
orangepi,Orange Pi 5 Plus,Qwen3-4B,OpenCL,"cpu=max,gpu=max,ddr=max",1536,cacheclip,0.50,2026-07-06,84.465688,ok,
orangepi,Orange Pi 5 Plus,Qwen3-4B,OpenCL,"cpu=max,gpu=max,ddr=max",1536,epic,0.05,2026-06-30,15.620947,ok,
orangepi,Orange Pi 5 Plus,Qwen3-4B,OpenCL,"cpu=max,gpu=max,ddr=max",1536,epic,0.10,2026-06-30,22.477964,ok,
orangepi,Orange Pi 5 Plus,Qwen3-4B,OpenCL,"cpu=max,gpu=max,ddr=max",1536,epic,0.20,2026-06-30,28.566870,ok,
orangepi,Orange Pi 5 Plus,Qwen3-4B,OpenCL,"cpu=max,gpu=max,ddr=max",1536,epic,0.30,2026-06-30,38.211406,ok,
orangepi,Orange Pi 5 Plus,Qwen3-4B,OpenCL,"cpu=max,gpu=max,ddr=max",1536,epic,0.40,2026-06-30,47.944639,ok,
orangepi,Orange Pi 5 Plus,Qwen3-4B,OpenCL,"cpu=max,gpu=max,ddr=max",1536,epic,0.50,2026-06-30,62.961999,ok,
orangepi,Orange Pi 5 Plus,Qwen3-4B,OpenCL,"cpu=max,gpu=max,ddr=max",1536,full-reuse,0,2026-06-30,5.230103,ok,
orangepi,Orange Pi 5 Plus,Qwen3-4B,OpenCL,"cpu=max,gpu=max,ddr=max",1536,fusionrag_online,0.05,2026-07-06,19.686582,ok,
orangepi,Orange Pi 5 Plus,Qwen3-4B,OpenCL,"cpu=max,gpu=max,ddr=max",1536,fusionrag_online,0.10,2026-07-06,27.312718,ok,
orangepi,Orange Pi 5 Plus,Qwen3-4B,OpenCL,"cpu=max,gpu=max,ddr=max",1536,fusionrag_online,0.20,2026-07-06,33.409428,ok,
orangepi,Orange Pi 5 Plus,Qwen3-4B,OpenCL,"cpu=max,gpu=max,ddr=max",1536,fusionrag_online,0.30,2026-07-06,41.166598,ok,
orangepi,Orange Pi 5 Plus,Qwen3-4B,OpenCL,"cpu=max,gpu=max,ddr=max",1536,fusionrag_online,0.40,2026-07-06,50.201553,ok,
orangepi,Orange Pi 5 Plus,Qwen3-4B,OpenCL,"cpu=max,gpu=max,ddr=max",1536,fusionrag_online,0.50,2026-07-06,65.495316,ok,
orangepi,Orange Pi 5 Plus,Qwen3-4B,OpenCL,"cpu=max,gpu=max,ddr=max",1536,normal-full-recompute,full,2026-06-30,187.599032,ok,
orangepi,Orange Pi 5 Plus,Qwen3-4B,OpenCL,"cpu=max,gpu=max,ddr=max",2048,cacheblend,0.05,2026-06-30,19.157471,ok,
orangepi,Orange Pi 5 Plus,Qwen3-4B,OpenCL,"cpu=max,gpu=max,ddr=max",2048,cacheblend,0.10,2026-06-30,27.542850,ok,
orangepi,Orange Pi 5 Plus,Qwen3-4B,OpenCL,"cpu=max,gpu=max,ddr=max",2048,cacheblend,0.20,2026-06-30,39.011319,ok,
orangepi,Orange Pi 5 Plus,Qwen3-4B,OpenCL,"cpu=max,gpu=max,ddr=max",2048,cacheblend,0.30,2026-06-30,49.299938,ok,
orangepi,Orange Pi 5 Plus,Qwen3-4B,OpenCL,"cpu=max,gpu=max,ddr=max",2048,cacheblend,0.40,2026-06-30,61.160957,ok,
orangepi,Orange Pi 5 Plus,Qwen3-4B,OpenCL,"cpu=max,gpu=max,ddr=max",2048,cacheblend,0.50,2026-06-30,77.042705,ok,
orangepi,Orange Pi 5 Plus,Qwen3-4B,OpenCL,"cpu=max,gpu=max,ddr=max",2048,cacheclip,0.05,2026-07-06,45.513764,ok,
orangepi,Orange Pi 5 Plus,Qwen3-4B,OpenCL,"cpu=max,gpu=max,ddr=max",2048,cacheclip,0.10,2026-07-06,51.659055,ok,
orangepi,Orange Pi 5 Plus,Qwen3-4B,OpenCL,"cpu=max,gpu=max,ddr=max",2048,cacheclip,0.20,2026-07-06,58.920754,ok,
orangepi,Orange Pi 5 Plus,Qwen3-4B,OpenCL,"cpu=max,gpu=max,ddr=max",2048,cacheclip,0.30,2026-07-06,66.003449,ok,
orangepi,Orange Pi 5 Plus,Qwen3-4B,OpenCL,"cpu=max,gpu=max,ddr=max",2048,cacheclip,0.40,2026-07-06,78.384738,ok,
orangepi,Orange Pi 5 Plus,Qwen3-4B,OpenCL,"cpu=max,gpu=max,ddr=max",2048,cacheclip,0.50,2026-07-06,91.418667,ok,
orangepi,Orange Pi 5 Plus,Qwen3-4B,OpenCL,"cpu=max,gpu=max,ddr=max",2048,epic,0.05,2026-06-30,16.974586,ok,
orangepi,Orange Pi 5 Plus,Qwen3-4B,OpenCL,"cpu=max,gpu=max,ddr=max",2048,epic,0.10,2026-06-30,24.875895,ok,
orangepi,Orange Pi 5 Plus,Qwen3-4B,OpenCL,"cpu=max,gpu=max,ddr=max",2048,epic,0.20,2026-06-30,30.371569,ok,
orangepi,Orange Pi 5 Plus,Qwen3-4B,OpenCL,"cpu=max,gpu=max,ddr=max",2048,epic,0.30,2026-06-30,40.407756,ok,
orangepi,Orange Pi 5 Plus,Qwen3-4B,OpenCL,"cpu=max,gpu=max,ddr=max",2048,epic,0.40,2026-06-30,51.821307,ok,
orangepi,Orange Pi 5 Plus,Qwen3-4B,OpenCL,"cpu=max,gpu=max,ddr=max",2048,epic,0.50,2026-06-30,65.615414,ok,
orangepi,Orange Pi 5 Plus,Qwen3-4B,OpenCL,"cpu=max,gpu=max,ddr=max",2048,full-reuse,0,2026-06-30,4.260597,ok,
orangepi,Orange Pi 5 Plus,Qwen3-4B,OpenCL,"cpu=max,gpu=max,ddr=max",2048,fusionrag_online,0.05,2026-07-06,20.548930,ok,
orangepi,Orange Pi 5 Plus,Qwen3-4B,OpenCL,"cpu=max,gpu=max,ddr=max",2048,fusionrag_online,0.10,2026-07-06,26.635799,ok,
orangepi,Orange Pi 5 Plus,Qwen3-4B,OpenCL,"cpu=max,gpu=max,ddr=max",2048,fusionrag_online,0.20,2026-07-06,34.593123,ok,
orangepi,Orange Pi 5 Plus,Qwen3-4B,OpenCL,"cpu=max,gpu=max,ddr=max",2048,fusionrag_online,0.30,2026-07-06,41.639463,ok,
orangepi,Orange Pi 5 Plus,Qwen3-4B,OpenCL,"cpu=max,gpu=max,ddr=max",2048,fusionrag_online,0.40,2026-07-06,54.231973,ok,
orangepi,Orange Pi 5 Plus,Qwen3-4B,OpenCL,"cpu=max,gpu=max,ddr=max",2048,fusionrag_online,0.50,2026-07-06,66.534955,ok,
orangepi,Orange Pi 5 Plus,Qwen3-4B,OpenCL,"cpu=max,gpu=max,ddr=max",2048,normal-full-recompute,full,2026-06-30,163.554787,ok,
rhino,Rhino Pi X1,Llama3.2 3B,OpenCL,"cpu=max,gpu=max,ddr=max",512,cacheblend,0.05,2026-06-30,7.196639,ok,
rhino,Rhino Pi X1,Llama3.2 3B,OpenCL,"cpu=max,gpu=max,ddr=max",512,cacheblend,0.10,2026-06-30,9.362312,ok,
rhino,Rhino Pi X1,Llama3.2 3B,OpenCL,"cpu=max,gpu=max,ddr=max",512,cacheblend,0.20,2026-06-30,14.533972,ok,
rhino,Rhino Pi X1,Llama3.2 3B,OpenCL,"cpu=max,gpu=max,ddr=max",512,cacheblend,0.30,2026-06-30,18.639069,ok,
rhino,Rhino Pi X1,Llama3.2 3B,OpenCL,"cpu=max,gpu=max,ddr=max",512,cacheblend,0.40,2026-06-30,24.257642,ok,
rhino,Rhino Pi X1,Llama3.2 3B,OpenCL,"cpu=max,gpu=max,ddr=max",512,cacheblend,0.50,2026-06-30,29.058184,ok,
rhino,Rhino Pi X1,Llama3.2 3B,OpenCL,"cpu=max,gpu=max,ddr=max",512,epic,0.05,2026-06-30,7.082135,ok,
rhino,Rhino Pi X1,Llama3.2 3B,OpenCL,"cpu=max,gpu=max,ddr=max",512,epic,0.10,2026-06-30,9.218762,ok,
rhino,Rhino Pi X1,Llama3.2 3B,OpenCL,"cpu=max,gpu=max,ddr=max",512,epic,0.20,2026-06-30,14.428590,ok,
rhino,Rhino Pi X1,Llama3.2 3B,OpenCL,"cpu=max,gpu=max,ddr=max",512,epic,0.30,2026-06-30,18.636720,ok,
rhino,Rhino Pi X1,Llama3.2 3B,OpenCL,"cpu=max,gpu=max,ddr=max",512,epic,0.40,2026-06-30,23.890356,ok,
rhino,Rhino Pi X1,Llama3.2 3B,OpenCL,"cpu=max,gpu=max,ddr=max",512,epic,0.50,2026-06-30,29.105668,ok,
rhino,Rhino Pi X1,Llama3.2 3B,OpenCL,"cpu=max,gpu=max,ddr=max",512,full-reuse,0,2026-06-30,5.113560,ok,
rhino,Rhino Pi X1,Llama3.2 3B,OpenCL,"cpu=max,gpu=max,ddr=max",512,fusionrag_online,0.05,2026-07-06,13.128920,ok,
rhino,Rhino Pi X1,Llama3.2 3B,OpenCL,"cpu=max,gpu=max,ddr=max",512,fusionrag_online,0.10,2026-07-06,14.609473,ok,
rhino,Rhino Pi X1,Llama3.2 3B,OpenCL,"cpu=max,gpu=max,ddr=max",512,fusionrag_online,0.20,2026-07-06,20.286019,ok,
rhino,Rhino Pi X1,Llama3.2 3B,OpenCL,"cpu=max,gpu=max,ddr=max",512,fusionrag_online,0.30,2026-07-06,22.683313,ok,
rhino,Rhino Pi X1,Llama3.2 3B,OpenCL,"cpu=max,gpu=max,ddr=max",512,fusionrag_online,0.40,2026-07-06,29.526026,ok,
rhino,Rhino Pi X1,Llama3.2 3B,OpenCL,"cpu=max,gpu=max,ddr=max",512,fusionrag_online,0.50,2026-07-06,34.525115,ok,
rhino,Rhino Pi X1,Llama3.2 3B,OpenCL,"cpu=max,gpu=max,ddr=max",512,normal-full-recompute,full,2026-06-30,112.182067,ok,
rhino,Rhino Pi X1,Llama3.2 3B,OpenCL,"cpu=max,gpu=max,ddr=max",1024,cacheblend,0.05,2026-06-30,6.514664,ok,
rhino,Rhino Pi X1,Llama3.2 3B,OpenCL,"cpu=max,gpu=max,ddr=max",1024,cacheblend,0.10,2026-06-30,8.538737,ok,
rhino,Rhino Pi X1,Llama3.2 3B,OpenCL,"cpu=max,gpu=max,ddr=max",1024,cacheblend,0.20,2026-06-30,13.191350,ok,
rhino,Rhino Pi X1,Llama3.2 3B,OpenCL,"cpu=max,gpu=max,ddr=max",1024,cacheblend,0.30,2026-06-30,17.976348,ok,
rhino,Rhino Pi X1,Llama3.2 3B,OpenCL,"cpu=max,gpu=max,ddr=max",1024,cacheblend,0.40,2026-06-30,23.810227,ok,
rhino,Rhino Pi X1,Llama3.2 3B,OpenCL,"cpu=max,gpu=max,ddr=max",1024,cacheblend,0.50,2026-06-30,29.143309,ok,
rhino,Rhino Pi X1,Llama3.2 3B,OpenCL,"cpu=max,gpu=max,ddr=max",1024,epic,0.05,2026-06-30,6.352165,ok,
rhino,Rhino Pi X1,Llama3.2 3B,OpenCL,"cpu=max,gpu=max,ddr=max",1024,epic,0.10,2026-06-30,8.325324,ok,
rhino,Rhino Pi X1,Llama3.2 3B,OpenCL,"cpu=max,gpu=max,ddr=max",1024,epic,0.20,2026-06-30,12.810686,ok,
rhino,Rhino Pi X1,Llama3.2 3B,OpenCL,"cpu=max,gpu=max,ddr=max",1024,epic,0.30,2026-06-30,17.712145,ok,
rhino,Rhino Pi X1,Llama3.2 3B,OpenCL,"cpu=max,gpu=max,ddr=max",1024,epic,0.40,2026-06-30,24.152348,ok,
rhino,Rhino Pi X1,Llama3.2 3B,OpenCL,"cpu=max,gpu=max,ddr=max",1024,epic,0.50,2026-06-30,29.256708,ok,
rhino,Rhino Pi X1,Llama3.2 3B,OpenCL,"cpu=max,gpu=max,ddr=max",1024,full-reuse,0,2026-06-30,2.893806,ok,
rhino,Rhino Pi X1,Llama3.2 3B,OpenCL,"cpu=max,gpu=max,ddr=max",1024,fusionrag_online,0.05,2026-07-06,9.736107,ok,
rhino,Rhino Pi X1,Llama3.2 3B,OpenCL,"cpu=max,gpu=max,ddr=max",1024,fusionrag_online,0.10,2026-07-06,11.768678,ok,
rhino,Rhino Pi X1,Llama3.2 3B,OpenCL,"cpu=max,gpu=max,ddr=max",1024,fusionrag_online,0.20,2026-07-06,16.681026,ok,
rhino,Rhino Pi X1,Llama3.2 3B,OpenCL,"cpu=max,gpu=max,ddr=max",1024,fusionrag_online,0.30,2026-07-06,20.544075,ok,
rhino,Rhino Pi X1,Llama3.2 3B,OpenCL,"cpu=max,gpu=max,ddr=max",1024,fusionrag_online,0.40,2026-07-06,28.269198,ok,
rhino,Rhino Pi X1,Llama3.2 3B,OpenCL,"cpu=max,gpu=max,ddr=max",1024,fusionrag_online,0.50,2026-07-06,32.435345,ok,
rhino,Rhino Pi X1,Llama3.2 3B,OpenCL,"cpu=max,gpu=max,ddr=max",1024,normal-full-recompute,full,2026-06-30,99.191670,ok,
rhino,Rhino Pi X1,Llama3.2 3B,OpenCL,"cpu=max,gpu=max,ddr=max",1536,cacheblend,0.05,2026-06-30,5.456144,ok,
rhino,Rhino Pi X1,Llama3.2 3B,OpenCL,"cpu=max,gpu=max,ddr=max",1536,cacheblend,0.10,2026-06-30,8.148009,ok,
rhino,Rhino Pi X1,Llama3.2 3B,OpenCL,"cpu=max,gpu=max,ddr=max",1536,cacheblend,0.20,2026-06-30,11.553524,ok,
rhino,Rhino Pi X1,Llama3.2 3B,OpenCL,"cpu=max,gpu=max,ddr=max",1536,cacheblend,0.30,2026-06-30,18.476272,ok,
rhino,Rhino Pi X1,Llama3.2 3B,OpenCL,"cpu=max,gpu=max,ddr=max",1536,cacheblend,0.40,2026-06-30,21.794292,ok,
rhino,Rhino Pi X1,Llama3.2 3B,OpenCL,"cpu=max,gpu=max,ddr=max",1536,cacheblend,0.50,2026-06-30,29.386008,ok,
rhino,Rhino Pi X1,Llama3.2 3B,OpenCL,"cpu=max,gpu=max,ddr=max",1536,epic,0.05,2026-06-30,5.462162,ok,
rhino,Rhino Pi X1,Llama3.2 3B,OpenCL,"cpu=max,gpu=max,ddr=max",1536,epic,0.10,2026-06-30,7.929355,ok,
rhino,Rhino Pi X1,Llama3.2 3B,OpenCL,"cpu=max,gpu=max,ddr=max",1536,epic,0.20,2026-06-30,11.455389,ok,
rhino,Rhino Pi X1,Llama3.2 3B,OpenCL,"cpu=max,gpu=max,ddr=max",1536,epic,0.30,2026-06-30,17.950030,ok,
rhino,Rhino Pi X1,Llama3.2 3B,OpenCL,"cpu=max,gpu=max,ddr=max",1536,epic,0.40,2026-06-30,21.035098,ok,
rhino,Rhino Pi X1,Llama3.2 3B,OpenCL,"cpu=max,gpu=max,ddr=max",1536,epic,0.50,2026-06-30,28.646717,ok,
rhino,Rhino Pi X1,Llama3.2 3B,OpenCL,"cpu=max,gpu=max,ddr=max",1536,full-reuse,0,2026-06-30,2.206558,ok,
rhino,Rhino Pi X1,Llama3.2 3B,OpenCL,"cpu=max,gpu=max,ddr=max",1536,fusionrag_online,0.05,2026-07-06,7.998254,ok,
rhino,Rhino Pi X1,Llama3.2 3B,OpenCL,"cpu=max,gpu=max,ddr=max",1536,fusionrag_online,0.10,2026-07-06,10.278303,ok,
rhino,Rhino Pi X1,Llama3.2 3B,OpenCL,"cpu=max,gpu=max,ddr=max",1536,fusionrag_online,0.20,2026-07-06,14.225469,ok,
rhino,Rhino Pi X1,Llama3.2 3B,OpenCL,"cpu=max,gpu=max,ddr=max",1536,fusionrag_online,0.30,2026-07-06,18.352585,ok,
rhino,Rhino Pi X1,Llama3.2 3B,OpenCL,"cpu=max,gpu=max,ddr=max",1536,fusionrag_online,0.40,2026-07-06,22.798483,ok,
rhino,Rhino Pi X1,Llama3.2 3B,OpenCL,"cpu=max,gpu=max,ddr=max",1536,fusionrag_online,0.50,2026-07-06,30.646176,ok,
rhino,Rhino Pi X1,Llama3.2 3B,OpenCL,"cpu=max,gpu=max,ddr=max",1536,normal-full-recompute,full,2026-06-30,97.944544,ok,
rhino,Rhino Pi X1,Llama3.2 3B,OpenCL,"cpu=max,gpu=max,ddr=max",2048,cacheblend,0.05,2026-06-30,5.574031,ok,
rhino,Rhino Pi X1,Llama3.2 3B,OpenCL,"cpu=max,gpu=max,ddr=max",2048,cacheblend,0.10,2026-06-30,8.585758,ok,
rhino,Rhino Pi X1,Llama3.2 3B,OpenCL,"cpu=max,gpu=max,ddr=max",2048,cacheblend,0.20,2026-06-30,13.781559,ok,
rhino,Rhino Pi X1,Llama3.2 3B,OpenCL,"cpu=max,gpu=max,ddr=max",2048,cacheblend,0.30,2026-06-30,17.353260,ok,
rhino,Rhino Pi X1,Llama3.2 3B,OpenCL,"cpu=max,gpu=max,ddr=max",2048,cacheblend,0.40,2026-06-30,21.762750,ok,
rhino,Rhino Pi X1,Llama3.2 3B,OpenCL,"cpu=max,gpu=max,ddr=max",2048,cacheblend,0.50,2026-06-30,30.436470,ok,
rhino,Rhino Pi X1,Llama3.2 3B,OpenCL,"cpu=max,gpu=max,ddr=max",2048,epic,0.05,2026-06-30,5.280120,ok,
rhino,Rhino Pi X1,Llama3.2 3B,OpenCL,"cpu=max,gpu=max,ddr=max",2048,epic,0.10,2026-06-30,8.108625,ok,
rhino,Rhino Pi X1,Llama3.2 3B,OpenCL,"cpu=max,gpu=max,ddr=max",2048,epic,0.20,2026-06-30,13.367331,ok,
rhino,Rhino Pi X1,Llama3.2 3B,OpenCL,"cpu=max,gpu=max,ddr=max",2048,epic,0.30,2026-06-30,17.210642,ok,
rhino,Rhino Pi X1,Llama3.2 3B,OpenCL,"cpu=max,gpu=max,ddr=max",2048,epic,0.40,2026-06-30,20.789822,ok,
rhino,Rhino Pi X1,Llama3.2 3B,OpenCL,"cpu=max,gpu=max,ddr=max",2048,epic,0.50,2026-06-30,30.239267,ok,
rhino,Rhino Pi X1,Llama3.2 3B,OpenCL,"cpu=max,gpu=max,ddr=max",2048,full-reuse,0,2026-06-30,1.822941,ok,
rhino,Rhino Pi X1,Llama3.2 3B,OpenCL,"cpu=max,gpu=max,ddr=max",2048,fusionrag_online,0.05,2026-07-06,7.648359,ok,
rhino,Rhino Pi X1,Llama3.2 3B,OpenCL,"cpu=max,gpu=max,ddr=max",2048,fusionrag_online,0.10,2026-07-06,10.476829,ok,
rhino,Rhino Pi X1,Llama3.2 3B,OpenCL,"cpu=max,gpu=max,ddr=max",2048,fusionrag_online,0.20,2026-07-06,14.982304,ok,
rhino,Rhino Pi X1,Llama3.2 3B,OpenCL,"cpu=max,gpu=max,ddr=max",2048,fusionrag_online,0.30,2026-07-06,18.229929,ok,
rhino,Rhino Pi X1,Llama3.2 3B,OpenCL,"cpu=max,gpu=max,ddr=max",2048,fusionrag_online,0.40,2026-07-06,23.856739,ok,
rhino,Rhino Pi X1,Llama3.2 3B,OpenCL,"cpu=max,gpu=max,ddr=max",2048,fusionrag_online,0.50,2026-07-06,31.874876,ok,
rhino,Rhino Pi X1,Llama3.2 3B,OpenCL,"cpu=max,gpu=max,ddr=max",2048,normal-full-recompute,full,2026-06-30,99.408005,ok,
rhino,Rhino Pi X1,MiniCPM5-1B,OpenCL,"cpu=max,gpu=max,ddr=max",512,cacheblend,0.05,2026-06-30,2.387309,ok,
rhino,Rhino Pi X1,MiniCPM5-1B,OpenCL,"cpu=max,gpu=max,ddr=max",512,cacheblend,0.10,2026-06-30,2.582536,ok,
rhino,Rhino Pi X1,MiniCPM5-1B,OpenCL,"cpu=max,gpu=max,ddr=max",512,cacheblend,0.20,2026-06-30,3.453986,ok,
rhino,Rhino Pi X1,MiniCPM5-1B,OpenCL,"cpu=max,gpu=max,ddr=max",512,cacheblend,0.30,2026-06-30,5.261053,ok,
rhino,Rhino Pi X1,MiniCPM5-1B,OpenCL,"cpu=max,gpu=max,ddr=max",512,cacheblend,0.40,2026-06-30,6.616917,ok,
rhino,Rhino Pi X1,MiniCPM5-1B,OpenCL,"cpu=max,gpu=max,ddr=max",512,cacheblend,0.50,2026-06-30,7.407455,ok,
rhino,Rhino Pi X1,MiniCPM5-1B,OpenCL,"cpu=max,gpu=max,ddr=max",512,epic,0.05,2026-06-30,2.338969,ok,
rhino,Rhino Pi X1,MiniCPM5-1B,OpenCL,"cpu=max,gpu=max,ddr=max",512,epic,0.10,2026-06-30,2.493255,ok,
rhino,Rhino Pi X1,MiniCPM5-1B,OpenCL,"cpu=max,gpu=max,ddr=max",512,epic,0.20,2026-06-30,3.764940,ok,
rhino,Rhino Pi X1,MiniCPM5-1B,OpenCL,"cpu=max,gpu=max,ddr=max",512,epic,0.30,2026-06-30,5.175330,ok,
rhino,Rhino Pi X1,MiniCPM5-1B,OpenCL,"cpu=max,gpu=max,ddr=max",512,epic,0.40,2026-06-30,6.406611,ok,
rhino,Rhino Pi X1,MiniCPM5-1B,OpenCL,"cpu=max,gpu=max,ddr=max",512,epic,0.50,2026-06-30,7.601711,ok,
rhino,Rhino Pi X1,MiniCPM5-1B,OpenCL,"cpu=max,gpu=max,ddr=max",512,full-reuse,0,2026-06-30,1.741014,ok,
rhino,Rhino Pi X1,MiniCPM5-1B,OpenCL,"cpu=max,gpu=max,ddr=max",512,fusionrag_online,0.05,2026-07-06,7.302891,ok,
rhino,Rhino Pi X1,MiniCPM5-1B,OpenCL,"cpu=max,gpu=max,ddr=max",512,fusionrag_online,0.10,2026-07-06,5.314293,ok,
rhino,Rhino Pi X1,MiniCPM5-1B,OpenCL,"cpu=max,gpu=max,ddr=max",512,fusionrag_online,0.20,2026-07-06,6.559831,ok,
rhino,Rhino Pi X1,MiniCPM5-1B,OpenCL,"cpu=max,gpu=max,ddr=max",512,fusionrag_online,0.30,2026-07-06,7.761168,ok,
rhino,Rhino Pi X1,MiniCPM5-1B,OpenCL,"cpu=max,gpu=max,ddr=max",512,fusionrag_online,0.40,2026-07-06,9.330853,ok,
rhino,Rhino Pi X1,MiniCPM5-1B,OpenCL,"cpu=max,gpu=max,ddr=max",512,fusionrag_online,0.50,2026-07-06,9.944168,ok,
rhino,Rhino Pi X1,MiniCPM5-1B,OpenCL,"cpu=max,gpu=max,ddr=max",512,normal-full-recompute,full,2026-06-30,31.369061,ok,
rhino,Rhino Pi X1,MiniCPM5-1B,OpenCL,"cpu=max,gpu=max,ddr=max",1024,cacheblend,0.05,2026-06-30,2.102187,ok,
rhino,Rhino Pi X1,MiniCPM5-1B,OpenCL,"cpu=max,gpu=max,ddr=max",1024,cacheblend,0.10,2026-06-30,2.515015,ok,
rhino,Rhino Pi X1,MiniCPM5-1B,OpenCL,"cpu=max,gpu=max,ddr=max",1024,cacheblend,0.20,2026-06-30,3.805416,ok,
rhino,Rhino Pi X1,MiniCPM5-1B,OpenCL,"cpu=max,gpu=max,ddr=max",1024,cacheblend,0.30,2026-06-30,5.265160,ok,
rhino,Rhino Pi X1,MiniCPM5-1B,OpenCL,"cpu=max,gpu=max,ddr=max",1024,cacheblend,0.40,2026-06-30,6.523608,ok,
rhino,Rhino Pi X1,MiniCPM5-1B,OpenCL,"cpu=max,gpu=max,ddr=max",1024,cacheblend,0.50,2026-06-30,7.980345,ok,
rhino,Rhino Pi X1,MiniCPM5-1B,OpenCL,"cpu=max,gpu=max,ddr=max",1024,epic,0.05,2026-06-30,2.270823,ok,
rhino,Rhino Pi X1,MiniCPM5-1B,OpenCL,"cpu=max,gpu=max,ddr=max",1024,epic,0.10,2026-06-30,2.732311,ok,
rhino,Rhino Pi X1,MiniCPM5-1B,OpenCL,"cpu=max,gpu=max,ddr=max",1024,epic,0.20,2026-06-30,3.499010,ok,
rhino,Rhino Pi X1,MiniCPM5-1B,OpenCL,"cpu=max,gpu=max,ddr=max",1024,epic,0.30,2026-06-30,4.893509,ok,
rhino,Rhino Pi X1,MiniCPM5-1B,OpenCL,"cpu=max,gpu=max,ddr=max",1024,epic,0.40,2026-06-30,6.752197,ok,
rhino,Rhino Pi X1,MiniCPM5-1B,OpenCL,"cpu=max,gpu=max,ddr=max",1024,epic,0.50,2026-06-30,7.973574,ok,
rhino,Rhino Pi X1,MiniCPM5-1B,OpenCL,"cpu=max,gpu=max,ddr=max",1024,full-reuse,0,2026-06-30,2.163435,ok,
rhino,Rhino Pi X1,MiniCPM5-1B,OpenCL,"cpu=max,gpu=max,ddr=max",1024,fusionrag_online,0.05,2026-07-06,3.834114,ok,
rhino,Rhino Pi X1,MiniCPM5-1B,OpenCL,"cpu=max,gpu=max,ddr=max",1024,fusionrag_online,0.10,2026-07-06,4.315286,ok,
rhino,Rhino Pi X1,MiniCPM5-1B,OpenCL,"cpu=max,gpu=max,ddr=max",1024,fusionrag_online,0.20,2026-07-06,5.629811,ok,
rhino,Rhino Pi X1,MiniCPM5-1B,OpenCL,"cpu=max,gpu=max,ddr=max",1024,fusionrag_online,0.30,2026-07-06,6.926803,ok,
rhino,Rhino Pi X1,MiniCPM5-1B,OpenCL,"cpu=max,gpu=max,ddr=max",1024,fusionrag_online,0.40,2026-07-06,9.350928,ok,
rhino,Rhino Pi X1,MiniCPM5-1B,OpenCL,"cpu=max,gpu=max,ddr=max",1024,fusionrag_online,0.50,2026-07-06,10.025417,ok,
rhino,Rhino Pi X1,MiniCPM5-1B,OpenCL,"cpu=max,gpu=max,ddr=max",1024,normal-full-recompute,full,2026-06-30,30.261415,ok,
rhino,Rhino Pi X1,MiniCPM5-1B,OpenCL,"cpu=max,gpu=max,ddr=max",1536,cacheblend,0.05,2026-06-30,1.820397,ok,
rhino,Rhino Pi X1,MiniCPM5-1B,OpenCL,"cpu=max,gpu=max,ddr=max",1536,cacheblend,0.10,2026-06-30,2.661561,ok,
rhino,Rhino Pi X1,MiniCPM5-1B,OpenCL,"cpu=max,gpu=max,ddr=max",1536,cacheblend,0.20,2026-06-30,3.904427,ok,
rhino,Rhino Pi X1,MiniCPM5-1B,OpenCL,"cpu=max,gpu=max,ddr=max",1536,cacheblend,0.30,2026-06-30,5.293361,ok,
rhino,Rhino Pi X1,MiniCPM5-1B,OpenCL,"cpu=max,gpu=max,ddr=max",1536,cacheblend,0.40,2026-06-30,6.030853,ok,
rhino,Rhino Pi X1,MiniCPM5-1B,OpenCL,"cpu=max,gpu=max,ddr=max",1536,cacheblend,0.50,2026-06-30,8.146328,ok,
rhino,Rhino Pi X1,MiniCPM5-1B,OpenCL,"cpu=max,gpu=max,ddr=max",1536,epic,0.05,2026-06-30,1.671814,ok,
rhino,Rhino Pi X1,MiniCPM5-1B,OpenCL,"cpu=max,gpu=max,ddr=max",1536,epic,0.10,2026-06-30,2.344265,ok,
rhino,Rhino Pi X1,MiniCPM5-1B,OpenCL,"cpu=max,gpu=max,ddr=max",1536,epic,0.20,2026-06-30,3.608216,ok,
rhino,Rhino Pi X1,MiniCPM5-1B,OpenCL,"cpu=max,gpu=max,ddr=max",1536,epic,0.30,2026-06-30,5.031901,ok,
rhino,Rhino Pi X1,MiniCPM5-1B,OpenCL,"cpu=max,gpu=max,ddr=max",1536,epic,0.40,2026-06-30,5.557866,ok,
rhino,Rhino Pi X1,MiniCPM5-1B,OpenCL,"cpu=max,gpu=max,ddr=max",1536,epic,0.50,2026-06-30,8.164144,ok,
rhino,Rhino Pi X1,MiniCPM5-1B,OpenCL,"cpu=max,gpu=max,ddr=max",1536,full-reuse,0,2026-06-30,0.770808,ok,
rhino,Rhino Pi X1,MiniCPM5-1B,OpenCL,"cpu=max,gpu=max,ddr=max",1536,fusionrag_online,0.05,2026-07-06,3.405411,ok,
rhino,Rhino Pi X1,MiniCPM5-1B,OpenCL,"cpu=max,gpu=max,ddr=max",1536,fusionrag_online,0.10,2026-07-06,3.884408,ok,
rhino,Rhino Pi X1,MiniCPM5-1B,OpenCL,"cpu=max,gpu=max,ddr=max",1536,fusionrag_online,0.20,2026-07-06,5.309155,ok,
rhino,Rhino Pi X1,MiniCPM5-1B,OpenCL,"cpu=max,gpu=max,ddr=max",1536,fusionrag_online,0.30,2026-07-06,6.688847,ok,
rhino,Rhino Pi X1,MiniCPM5-1B,OpenCL,"cpu=max,gpu=max,ddr=max",1536,fusionrag_online,0.40,2026-07-06,8.160592,ok,
rhino,Rhino Pi X1,MiniCPM5-1B,OpenCL,"cpu=max,gpu=max,ddr=max",1536,fusionrag_online,0.50,2026-07-06,10.519044,ok,
rhino,Rhino Pi X1,MiniCPM5-1B,OpenCL,"cpu=max,gpu=max,ddr=max",1536,normal-full-recompute,full,2026-06-30,29.851952,ok,
rhino,Rhino Pi X1,MiniCPM5-1B,OpenCL,"cpu=max,gpu=max,ddr=max",2048,cacheblend,0.05,2026-06-30,1.836287,ok,
rhino,Rhino Pi X1,MiniCPM5-1B,OpenCL,"cpu=max,gpu=max,ddr=max",2048,cacheblend,0.10,2026-06-30,2.676974,ok,
rhino,Rhino Pi X1,MiniCPM5-1B,OpenCL,"cpu=max,gpu=max,ddr=max",2048,cacheblend,0.20,2026-06-30,4.363589,ok,
rhino,Rhino Pi X1,MiniCPM5-1B,OpenCL,"cpu=max,gpu=max,ddr=max",2048,cacheblend,0.30,2026-06-30,5.150140,ok,
rhino,Rhino Pi X1,MiniCPM5-1B,OpenCL,"cpu=max,gpu=max,ddr=max",2048,cacheblend,0.40,2026-06-30,6.331389,ok,
rhino,Rhino Pi X1,MiniCPM5-1B,OpenCL,"cpu=max,gpu=max,ddr=max",2048,cacheblend,0.50,2026-06-30,8.754787,ok,
rhino,Rhino Pi X1,MiniCPM5-1B,OpenCL,"cpu=max,gpu=max,ddr=max",2048,epic,0.05,2026-06-30,1.625579,ok,
rhino,Rhino Pi X1,MiniCPM5-1B,OpenCL,"cpu=max,gpu=max,ddr=max",2048,epic,0.10,2026-06-30,2.376410,ok,
rhino,Rhino Pi X1,MiniCPM5-1B,OpenCL,"cpu=max,gpu=max,ddr=max",2048,epic,0.20,2026-06-30,3.729779,ok,
rhino,Rhino Pi X1,MiniCPM5-1B,OpenCL,"cpu=max,gpu=max,ddr=max",2048,epic,0.30,2026-06-30,4.726597,ok,
rhino,Rhino Pi X1,MiniCPM5-1B,OpenCL,"cpu=max,gpu=max,ddr=max",2048,epic,0.40,2026-06-30,6.273003,ok,
rhino,Rhino Pi X1,MiniCPM5-1B,OpenCL,"cpu=max,gpu=max,ddr=max",2048,epic,0.50,2026-06-30,9.209126,ok,
rhino,Rhino Pi X1,MiniCPM5-1B,OpenCL,"cpu=max,gpu=max,ddr=max",2048,full-reuse,0,2026-06-30,0.670764,ok,
rhino,Rhino Pi X1,MiniCPM5-1B,OpenCL,"cpu=max,gpu=max,ddr=max",2048,fusionrag_online,0.05,2026-07-06,2.720582,ok,
rhino,Rhino Pi X1,MiniCPM5-1B,OpenCL,"cpu=max,gpu=max,ddr=max",2048,fusionrag_online,0.10,2026-07-06,3.278422,ok,
rhino,Rhino Pi X1,MiniCPM5-1B,OpenCL,"cpu=max,gpu=max,ddr=max",2048,fusionrag_online,0.20,2026-07-06,4.519189,ok,
rhino,Rhino Pi X1,MiniCPM5-1B,OpenCL,"cpu=max,gpu=max,ddr=max",2048,fusionrag_online,0.30,2026-07-06,5.540956,ok,
rhino,Rhino Pi X1,MiniCPM5-1B,OpenCL,"cpu=max,gpu=max,ddr=max",2048,fusionrag_online,0.40,2026-07-06,7.095232,ok,
rhino,Rhino Pi X1,MiniCPM5-1B,OpenCL,"cpu=max,gpu=max,ddr=max",2048,fusionrag_online,0.50,2026-07-06,8.809835,ok,
rhino,Rhino Pi X1,MiniCPM5-1B,OpenCL,"cpu=max,gpu=max,ddr=max",2048,normal-full-recompute,full,2026-06-30,33.031584,ok,
rhino,Rhino Pi X1,Qwen3-4B,OpenCL,"cpu=max,gpu=max,ddr=max",512,cacheblend,0.05,2026-06-30,10.057032,ok,
rhino,Rhino Pi X1,Qwen3-4B,OpenCL,"cpu=max,gpu=max,ddr=max",512,cacheblend,0.10,2026-06-30,11.792858,ok,
rhino,Rhino Pi X1,Qwen3-4B,OpenCL,"cpu=max,gpu=max,ddr=max",512,cacheblend,0.20,2026-06-30,18.843664,ok,
rhino,Rhino Pi X1,Qwen3-4B,OpenCL,"cpu=max,gpu=max,ddr=max",512,cacheblend,0.30,2026-06-30,24.048126,ok,
rhino,Rhino Pi X1,Qwen3-4B,OpenCL,"cpu=max,gpu=max,ddr=max",512,cacheblend,0.40,2026-06-30,31.507711,ok,
rhino,Rhino Pi X1,Qwen3-4B,OpenCL,"cpu=max,gpu=max,ddr=max",512,cacheblend,0.50,2026-06-30,37.753374,ok,
rhino,Rhino Pi X1,Qwen3-4B,OpenCL,"cpu=max,gpu=max,ddr=max",512,epic,0.05,2026-06-30,10.039555,ok,
rhino,Rhino Pi X1,Qwen3-4B,OpenCL,"cpu=max,gpu=max,ddr=max",512,epic,0.10,2026-06-30,11.510665,ok,
rhino,Rhino Pi X1,Qwen3-4B,OpenCL,"cpu=max,gpu=max,ddr=max",512,epic,0.20,2026-06-30,18.687874,ok,
rhino,Rhino Pi X1,Qwen3-4B,OpenCL,"cpu=max,gpu=max,ddr=max",512,epic,0.30,2026-06-30,24.164197,ok,
rhino,Rhino Pi X1,Qwen3-4B,OpenCL,"cpu=max,gpu=max,ddr=max",512,epic,0.40,2026-06-30,31.672515,ok,
rhino,Rhino Pi X1,Qwen3-4B,OpenCL,"cpu=max,gpu=max,ddr=max",512,epic,0.50,2026-06-30,39.233320,ok,
rhino,Rhino Pi X1,Qwen3-4B,OpenCL,"cpu=max,gpu=max,ddr=max",512,full-reuse,0,2026-06-30,6.249550,ok,
rhino,Rhino Pi X1,Qwen3-4B,OpenCL,"cpu=max,gpu=max,ddr=max",512,fusionrag_online,0.05,2026-07-06,17.638534,ok,
rhino,Rhino Pi X1,Qwen3-4B,OpenCL,"cpu=max,gpu=max,ddr=max",512,fusionrag_online,0.10,2026-07-06,19.299671,ok,
rhino,Rhino Pi X1,Qwen3-4B,OpenCL,"cpu=max,gpu=max,ddr=max",512,fusionrag_online,0.20,2026-07-06,25.670468,ok,
rhino,Rhino Pi X1,Qwen3-4B,OpenCL,"cpu=max,gpu=max,ddr=max",512,fusionrag_online,0.30,2026-07-06,31.274161,ok,
rhino,Rhino Pi X1,Qwen3-4B,OpenCL,"cpu=max,gpu=max,ddr=max",512,fusionrag_online,0.40,2026-07-06,39.140682,ok,
rhino,Rhino Pi X1,Qwen3-4B,OpenCL,"cpu=max,gpu=max,ddr=max",512,fusionrag_online,0.50,2026-07-06,46.286628,ok,
rhino,Rhino Pi X1,Qwen3-4B,OpenCL,"cpu=max,gpu=max,ddr=max",512,normal-full-recompute,full,2026-06-30,135.408758,ok,
rhino,Rhino Pi X1,Qwen3-4B,OpenCL,"cpu=max,gpu=max,ddr=max",1024,cacheblend,0.05,2026-06-30,7.825417,ok,
rhino,Rhino Pi X1,Qwen3-4B,OpenCL,"cpu=max,gpu=max,ddr=max",1024,cacheblend,0.10,2026-06-30,10.738747,ok,
rhino,Rhino Pi X1,Qwen3-4B,OpenCL,"cpu=max,gpu=max,ddr=max",1024,cacheblend,0.20,2026-06-30,17.555849,ok,
rhino,Rhino Pi X1,Qwen3-4B,OpenCL,"cpu=max,gpu=max,ddr=max",1024,cacheblend,0.30,2026-06-30,23.199788,ok,
rhino,Rhino Pi X1,Qwen3-4B,OpenCL,"cpu=max,gpu=max,ddr=max",1024,cacheblend,0.40,2026-06-30,31.253257,ok,
rhino,Rhino Pi X1,Qwen3-4B,OpenCL,"cpu=max,gpu=max,ddr=max",1024,cacheblend,0.50,2026-06-30,39.574018,ok,
rhino,Rhino Pi X1,Qwen3-4B,OpenCL,"cpu=max,gpu=max,ddr=max",1024,epic,0.05,2026-06-30,7.710045,ok,
rhino,Rhino Pi X1,Qwen3-4B,OpenCL,"cpu=max,gpu=max,ddr=max",1024,epic,0.10,2026-06-30,10.517011,ok,
rhino,Rhino Pi X1,Qwen3-4B,OpenCL,"cpu=max,gpu=max,ddr=max",1024,epic,0.20,2026-06-30,16.863678,ok,
rhino,Rhino Pi X1,Qwen3-4B,OpenCL,"cpu=max,gpu=max,ddr=max",1024,epic,0.30,2026-06-30,22.871471,ok,
rhino,Rhino Pi X1,Qwen3-4B,OpenCL,"cpu=max,gpu=max,ddr=max",1024,epic,0.40,2026-06-30,31.057526,ok,
rhino,Rhino Pi X1,Qwen3-4B,OpenCL,"cpu=max,gpu=max,ddr=max",1024,epic,0.50,2026-06-30,37.497628,ok,
rhino,Rhino Pi X1,Qwen3-4B,OpenCL,"cpu=max,gpu=max,ddr=max",1024,full-reuse,0,2026-06-30,3.739474,ok,
rhino,Rhino Pi X1,Qwen3-4B,OpenCL,"cpu=max,gpu=max,ddr=max",1024,fusionrag_online,0.05,2026-07-06,12.114641,ok,
rhino,Rhino Pi X1,Qwen3-4B,OpenCL,"cpu=max,gpu=max,ddr=max",1024,fusionrag_online,0.10,2026-07-06,15.618590,ok,
rhino,Rhino Pi X1,Qwen3-4B,OpenCL,"cpu=max,gpu=max,ddr=max",1024,fusionrag_online,0.20,2026-07-06,21.379159,ok,
rhino,Rhino Pi X1,Qwen3-4B,OpenCL,"cpu=max,gpu=max,ddr=max",1024,fusionrag_online,0.30,2026-07-06,27.315946,ok,
rhino,Rhino Pi X1,Qwen3-4B,OpenCL,"cpu=max,gpu=max,ddr=max",1024,fusionrag_online,0.40,2026-07-06,35.972746,ok,
rhino,Rhino Pi X1,Qwen3-4B,OpenCL,"cpu=max,gpu=max,ddr=max",1024,fusionrag_online,0.50,2026-07-06,43.393961,ok,
rhino,Rhino Pi X1,Qwen3-4B,OpenCL,"cpu=max,gpu=max,ddr=max",1024,normal-full-recompute,full,2026-06-30,129.984514,ok,
rhino,Rhino Pi X1,Qwen3-4B,OpenCL,"cpu=max,gpu=max,ddr=max",1536,cacheblend,0.05,2026-06-30,6.605409,ok,
rhino,Rhino Pi X1,Qwen3-4B,OpenCL,"cpu=max,gpu=max,ddr=max",1536,cacheblend,0.10,2026-06-30,9.714640,ok,
rhino,Rhino Pi X1,Qwen3-4B,OpenCL,"cpu=max,gpu=max,ddr=max",1536,cacheblend,0.20,2026-06-30,14.805842,ok,
rhino,Rhino Pi X1,Qwen3-4B,OpenCL,"cpu=max,gpu=max,ddr=max",1536,cacheblend,0.30,2026-06-30,22.654702,ok,
rhino,Rhino Pi X1,Qwen3-4B,OpenCL,"cpu=max,gpu=max,ddr=max",1536,cacheblend,0.40,2026-06-30,25.217935,ok,
rhino,Rhino Pi X1,Qwen3-4B,OpenCL,"cpu=max,gpu=max,ddr=max",1536,cacheblend,0.50,2026-06-30,41.580124,ok,
rhino,Rhino Pi X1,Qwen3-4B,OpenCL,"cpu=max,gpu=max,ddr=max",1536,epic,0.05,2026-06-30,6.378866,ok,
rhino,Rhino Pi X1,Qwen3-4B,OpenCL,"cpu=max,gpu=max,ddr=max",1536,epic,0.10,2026-06-30,9.378980,ok,
rhino,Rhino Pi X1,Qwen3-4B,OpenCL,"cpu=max,gpu=max,ddr=max",1536,epic,0.20,2026-06-30,15.071470,ok,
rhino,Rhino Pi X1,Qwen3-4B,OpenCL,"cpu=max,gpu=max,ddr=max",1536,epic,0.30,2026-06-30,24.566788,ok,
rhino,Rhino Pi X1,Qwen3-4B,OpenCL,"cpu=max,gpu=max,ddr=max",1536,epic,0.40,2026-06-30,25.082541,ok,
rhino,Rhino Pi X1,Qwen3-4B,OpenCL,"cpu=max,gpu=max,ddr=max",1536,epic,0.50,2026-06-30,39.559951,ok,
rhino,Rhino Pi X1,Qwen3-4B,OpenCL,"cpu=max,gpu=max,ddr=max",1536,full-reuse,0,2026-06-30,3.141940,ok,
rhino,Rhino Pi X1,Qwen3-4B,OpenCL,"cpu=max,gpu=max,ddr=max",1536,fusionrag_online,0.05,2026-07-06,10.077116,ok,
rhino,Rhino Pi X1,Qwen3-4B,OpenCL,"cpu=max,gpu=max,ddr=max",1536,fusionrag_online,0.10,2026-07-06,13.366366,ok,
rhino,Rhino Pi X1,Qwen3-4B,OpenCL,"cpu=max,gpu=max,ddr=max",1536,fusionrag_online,0.20,2026-07-06,19.774223,ok,
rhino,Rhino Pi X1,Qwen3-4B,OpenCL,"cpu=max,gpu=max,ddr=max",1536,fusionrag_online,0.30,2026-07-06,24.648455,ok,
rhino,Rhino Pi X1,Qwen3-4B,OpenCL,"cpu=max,gpu=max,ddr=max",1536,fusionrag_online,0.40,2026-07-06,30.157660,ok,
rhino,Rhino Pi X1,Qwen3-4B,OpenCL,"cpu=max,gpu=max,ddr=max",1536,fusionrag_online,0.50,2026-07-06,43.473389,ok,
rhino,Rhino Pi X1,Qwen3-4B,OpenCL,"cpu=max,gpu=max,ddr=max",1536,normal-full-recompute,full,2026-06-30,132.897331,ok,
rhino,Rhino Pi X1,Qwen3-4B,OpenCL,"cpu=max,gpu=max,ddr=max",2048,cacheblend,0.05,2026-06-30,6.373008,ok,
rhino,Rhino Pi X1,Qwen3-4B,OpenCL,"cpu=max,gpu=max,ddr=max",2048,cacheblend,0.10,2026-06-30,9.774393,ok,
rhino,Rhino Pi X1,Qwen3-4B,OpenCL,"cpu=max,gpu=max,ddr=max",2048,cacheblend,0.20,2026-06-30,16.519861,ok,
rhino,Rhino Pi X1,Qwen3-4B,OpenCL,"cpu=max,gpu=max,ddr=max",2048,cacheblend,0.30,2026-06-30,20.570290,ok,
rhino,Rhino Pi X1,Qwen3-4B,OpenCL,"cpu=max,gpu=max,ddr=max",2048,cacheblend,0.40,2026-06-30,25.605422,ok,
rhino,Rhino Pi X1,Qwen3-4B,OpenCL,"cpu=max,gpu=max,ddr=max",2048,cacheblend,0.50,2026-06-30,38.885458,ok,
rhino,Rhino Pi X1,Qwen3-4B,OpenCL,"cpu=max,gpu=max,ddr=max",2048,epic,0.05,2026-06-30,6.159739,ok,
rhino,Rhino Pi X1,Qwen3-4B,OpenCL,"cpu=max,gpu=max,ddr=max",2048,epic,0.10,2026-06-30,9.823134,ok,
rhino,Rhino Pi X1,Qwen3-4B,OpenCL,"cpu=max,gpu=max,ddr=max",2048,epic,0.20,2026-06-30,16.874063,ok,
rhino,Rhino Pi X1,Qwen3-4B,OpenCL,"cpu=max,gpu=max,ddr=max",2048,epic,0.30,2026-06-30,19.627641,ok,
rhino,Rhino Pi X1,Qwen3-4B,OpenCL,"cpu=max,gpu=max,ddr=max",2048,epic,0.40,2026-06-30,24.966674,ok,
rhino,Rhino Pi X1,Qwen3-4B,OpenCL,"cpu=max,gpu=max,ddr=max",2048,epic,0.50,2026-06-30,41.680188,ok,
rhino,Rhino Pi X1,Qwen3-4B,OpenCL,"cpu=max,gpu=max,ddr=max",2048,full-reuse,0,2026-06-30,2.236190,ok,
rhino,Rhino Pi X1,Qwen3-4B,OpenCL,"cpu=max,gpu=max,ddr=max",2048,fusionrag_online,0.05,2026-07-06,9.057497,ok,
rhino,Rhino Pi X1,Qwen3-4B,OpenCL,"cpu=max,gpu=max,ddr=max",2048,fusionrag_online,0.10,2026-07-06,13.401327,ok,
rhino,Rhino Pi X1,Qwen3-4B,OpenCL,"cpu=max,gpu=max,ddr=max",2048,fusionrag_online,0.20,2026-07-06,20.209103,ok,
rhino,Rhino Pi X1,Qwen3-4B,OpenCL,"cpu=max,gpu=max,ddr=max",2048,fusionrag_online,0.30,2026-07-06,23.463711,ok,
rhino,Rhino Pi X1,Qwen3-4B,OpenCL,"cpu=max,gpu=max,ddr=max",2048,fusionrag_online,0.40,2026-07-06,31.260236,ok,
rhino,Rhino Pi X1,Qwen3-4B,OpenCL,"cpu=max,gpu=max,ddr=max",2048,fusionrag_online,0.50,2026-07-06,41.718781,ok,
rhino,Rhino Pi X1,Qwen3-4B,OpenCL,"cpu=max,gpu=max,ddr=max",2048,normal-full-recompute,full,2026-06-30,126.012642,ok,
rhino,Rhino Pi X1,Llama3.2 3B,OpenCL,"cpu=max,gpu=max,ddr=max",512,cacheclip,0.05,2026-07-06,23.588813,ok,
rhino,Rhino Pi X1,Llama3.2 3B,OpenCL,"cpu=max,gpu=max,ddr=max",512,cacheclip,0.10,2026-07-06,28.658644,ok,
rhino,Rhino Pi X1,Llama3.2 3B,OpenCL,"cpu=max,gpu=max,ddr=max",512,cacheclip,0.20,2026-07-06,32.221749,ok,
rhino,Rhino Pi X1,Llama3.2 3B,OpenCL,"cpu=max,gpu=max,ddr=max",512,cacheclip,0.30,2026-07-06,34.146355,ok,
rhino,Rhino Pi X1,Llama3.2 3B,OpenCL,"cpu=max,gpu=max,ddr=max",512,cacheclip,0.40,2026-07-06,42.430293,ok,
rhino,Rhino Pi X1,Llama3.2 3B,OpenCL,"cpu=max,gpu=max,ddr=max",512,cacheclip,0.50,2026-07-06,44.797334,ok,
rhino,Rhino Pi X1,Llama3.2 3B,OpenCL,"cpu=max,gpu=max,ddr=max",1024,cacheclip,0.05,2026-07-06,27.424383,ok,
rhino,Rhino Pi X1,Llama3.2 3B,OpenCL,"cpu=max,gpu=max,ddr=max",1024,cacheclip,0.10,2026-07-06,32.090197,ok,
rhino,Rhino Pi X1,Llama3.2 3B,OpenCL,"cpu=max,gpu=max,ddr=max",1024,cacheclip,0.20,2026-07-06,38.230678,ok,
rhino,Rhino Pi X1,Llama3.2 3B,OpenCL,"cpu=max,gpu=max,ddr=max",1024,cacheclip,0.30,2026-07-06,41.100820,ok,
rhino,Rhino Pi X1,Llama3.2 3B,OpenCL,"cpu=max,gpu=max,ddr=max",1024,cacheclip,0.40,2026-07-06,44.344746,ok,
rhino,Rhino Pi X1,Llama3.2 3B,OpenCL,"cpu=max,gpu=max,ddr=max",1024,cacheclip,0.50,2026-07-06,52.360868,ok,
rhino,Rhino Pi X1,Llama3.2 3B,OpenCL,"cpu=max,gpu=max,ddr=max",1536,cacheclip,0.05,2026-07-06,19.566510,ok,
rhino,Rhino Pi X1,Llama3.2 3B,OpenCL,"cpu=max,gpu=max,ddr=max",1536,cacheclip,0.10,2026-07-06,39.066667,ok,
rhino,Rhino Pi X1,Llama3.2 3B,OpenCL,"cpu=max,gpu=max,ddr=max",1536,cacheclip,0.20,2026-07-06,31.475037,ok,
rhino,Rhino Pi X1,Llama3.2 3B,OpenCL,"cpu=max,gpu=max,ddr=max",1536,cacheclip,0.30,2026-07-06,46.724351,ok,
rhino,Rhino Pi X1,Llama3.2 3B,OpenCL,"cpu=max,gpu=max,ddr=max",1536,cacheclip,0.40,2026-07-06,51.582703,ok,
rhino,Rhino Pi X1,Llama3.2 3B,OpenCL,"cpu=max,gpu=max,ddr=max",1536,cacheclip,0.50,2026-07-06,42.123192,ok,
rhino,Rhino Pi X1,Llama3.2 3B,OpenCL,"cpu=max,gpu=max,ddr=max",2048,cacheclip,0.05,2026-07-06,22.696856,ok,
rhino,Rhino Pi X1,Llama3.2 3B,OpenCL,"cpu=max,gpu=max,ddr=max",2048,cacheclip,0.10,2026-07-06,47.386007,ok,
rhino,Rhino Pi X1,Llama3.2 3B,OpenCL,"cpu=max,gpu=max,ddr=max",2048,cacheclip,0.20,2026-07-06,51.386672,ok,
rhino,Rhino Pi X1,Llama3.2 3B,OpenCL,"cpu=max,gpu=max,ddr=max",2048,cacheclip,0.30,2026-07-06,52.465135,ok,
rhino,Rhino Pi X1,Llama3.2 3B,OpenCL,"cpu=max,gpu=max,ddr=max",2048,cacheclip,0.40,2026-07-06,57.716284,ok,
rhino,Rhino Pi X1,Llama3.2 3B,OpenCL,"cpu=max,gpu=max,ddr=max",2048,cacheclip,0.50,2026-07-06,61.556197,ok,
rhino,Rhino Pi X1,MiniCPM5-1B,OpenCL,"cpu=max,gpu=max,ddr=max",512,cacheclip,0.05,2026-07-06,35.286512,ok,
rhino,Rhino Pi X1,MiniCPM5-1B,OpenCL,"cpu=max,gpu=max,ddr=max",512,cacheclip,0.10,2026-07-06,34.295754,ok,
rhino,Rhino Pi X1,MiniCPM5-1B,OpenCL,"cpu=max,gpu=max,ddr=max",512,cacheclip,0.20,2026-07-06,31.683859,ok,
rhino,Rhino Pi X1,MiniCPM5-1B,OpenCL,"cpu=max,gpu=max,ddr=max",512,cacheclip,0.30,2026-07-06,38.243121,ok,
rhino,Rhino Pi X1,MiniCPM5-1B,OpenCL,"cpu=max,gpu=max,ddr=max",512,cacheclip,0.40,2026-07-06,35.061049,ok,
rhino,Rhino Pi X1,MiniCPM5-1B,OpenCL,"cpu=max,gpu=max,ddr=max",512,cacheclip,0.50,2026-07-06,41.561726,ok,
rhino,Rhino Pi X1,MiniCPM5-1B,OpenCL,"cpu=max,gpu=max,ddr=max",1024,cacheclip,0.05,2026-07-06,45.715978,ok,
rhino,Rhino Pi X1,MiniCPM5-1B,OpenCL,"cpu=max,gpu=max,ddr=max",1024,cacheclip,0.10,2026-07-06,41.339072,ok,
rhino,Rhino Pi X1,MiniCPM5-1B,OpenCL,"cpu=max,gpu=max,ddr=max",1024,cacheclip,0.20,2026-07-06,44.436748,ok,
rhino,Rhino Pi X1,MiniCPM5-1B,OpenCL,"cpu=max,gpu=max,ddr=max",1024,cacheclip,0.30,2026-07-06,44.844413,ok,
rhino,Rhino Pi X1,MiniCPM5-1B,OpenCL,"cpu=max,gpu=max,ddr=max",1024,cacheclip,0.40,2026-07-06,27.862796,ok,
rhino,Rhino Pi X1,MiniCPM5-1B,OpenCL,"cpu=max,gpu=max,ddr=max",1024,cacheclip,0.50,2026-07-06,29.162204,ok,
rhino,Rhino Pi X1,MiniCPM5-1B,OpenCL,"cpu=max,gpu=max,ddr=max",1536,cacheclip,0.05,2026-07-06,63.153426,ok,
rhino,Rhino Pi X1,MiniCPM5-1B,OpenCL,"cpu=max,gpu=max,ddr=max",1536,cacheclip,0.10,2026-07-06,53.965724,ok,
rhino,Rhino Pi X1,MiniCPM5-1B,OpenCL,"cpu=max,gpu=max,ddr=max",1536,cacheclip,0.20,2026-07-06,63.848301,ok,
rhino,Rhino Pi X1,MiniCPM5-1B,OpenCL,"cpu=max,gpu=max,ddr=max",1536,cacheclip,0.30,2026-07-06,65.591090,ok,
rhino,Rhino Pi X1,MiniCPM5-1B,OpenCL,"cpu=max,gpu=max,ddr=max",1536,cacheclip,0.40,2026-07-06,64.580568,ok,
rhino,Rhino Pi X1,MiniCPM5-1B,OpenCL,"cpu=max,gpu=max,ddr=max",1536,cacheclip,0.50,2026-07-06,61.145042,ok,
rhino,Rhino Pi X1,MiniCPM5-1B,OpenCL,"cpu=max,gpu=max,ddr=max",2048,cacheclip,0.05,2026-07-06,76.085910,ok,
rhino,Rhino Pi X1,MiniCPM5-1B,OpenCL,"cpu=max,gpu=max,ddr=max",2048,cacheclip,0.10,2026-07-06,34.467521,ok,
rhino,Rhino Pi X1,MiniCPM5-1B,OpenCL,"cpu=max,gpu=max,ddr=max",2048,cacheclip,0.20,2026-07-06,69.164761,ok,
rhino,Rhino Pi X1,MiniCPM5-1B,OpenCL,"cpu=max,gpu=max,ddr=max",2048,cacheclip,0.30,2026-07-06,83.079197,ok,
rhino,Rhino Pi X1,MiniCPM5-1B,OpenCL,"cpu=max,gpu=max,ddr=max",2048,cacheclip,0.40,2026-07-06,38.413545,ok,
rhino,Rhino Pi X1,MiniCPM5-1B,OpenCL,"cpu=max,gpu=max,ddr=max",2048,cacheclip,0.50,2026-07-06,39.479843,ok,
rhino,Rhino Pi X1,Qwen3-4B,OpenCL,"cpu=max,gpu=max,ddr=max",512,cacheclip,0.05,2026-07-06,31.237939,ok,
rhino,Rhino Pi X1,Qwen3-4B,OpenCL,"cpu=max,gpu=max,ddr=max",512,cacheclip,0.10,2026-07-06,29.631378,ok,
rhino,Rhino Pi X1,Qwen3-4B,OpenCL,"cpu=max,gpu=max,ddr=max",512,cacheclip,0.20,2026-07-06,37.468344,ok,
rhino,Rhino Pi X1,Qwen3-4B,OpenCL,"cpu=max,gpu=max,ddr=max",512,cacheclip,0.30,2026-07-06,46.308839,ok,
rhino,Rhino Pi X1,Qwen3-4B,OpenCL,"cpu=max,gpu=max,ddr=max",512,cacheclip,0.40,2026-07-06,48.184897,ok,
rhino,Rhino Pi X1,Qwen3-4B,OpenCL,"cpu=max,gpu=max,ddr=max",512,cacheclip,0.50,2026-07-06,54.121028,ok,
rhino,Rhino Pi X1,Qwen3-4B,OpenCL,"cpu=max,gpu=max,ddr=max",1024,cacheclip,0.05,2026-07-06,33.191314,ok,
rhino,Rhino Pi X1,Qwen3-4B,OpenCL,"cpu=max,gpu=max,ddr=max",1024,cacheclip,0.10,2026-07-06,24.303329,ok,
rhino,Rhino Pi X1,Qwen3-4B,OpenCL,"cpu=max,gpu=max,ddr=max",1024,cacheclip,0.20,2026-07-06,43.803786,ok,
rhino,Rhino Pi X1,Qwen3-4B,OpenCL,"cpu=max,gpu=max,ddr=max",1024,cacheclip,0.30,2026-07-06,48.002211,ok,
rhino,Rhino Pi X1,Qwen3-4B,OpenCL,"cpu=max,gpu=max,ddr=max",1024,cacheclip,0.40,2026-07-06,57.588387,ok,
rhino,Rhino Pi X1,Qwen3-4B,OpenCL,"cpu=max,gpu=max,ddr=max",1024,cacheclip,0.50,2026-07-06,65.133108,ok,
rhino,Rhino Pi X1,Qwen3-4B,OpenCL,"cpu=max,gpu=max,ddr=max",1536,cacheclip,0.05,2026-07-06,40.578504,ok,
rhino,Rhino Pi X1,Qwen3-4B,OpenCL,"cpu=max,gpu=max,ddr=max",1536,cacheclip,0.10,2026-07-06,45.394810,ok,
rhino,Rhino Pi X1,Qwen3-4B,OpenCL,"cpu=max,gpu=max,ddr=max",1536,cacheclip,0.20,2026-07-06,50.190507,ok,
rhino,Rhino Pi X1,Qwen3-4B,OpenCL,"cpu=max,gpu=max,ddr=max",1536,cacheclip,0.30,2026-07-06,36.797305,ok,
rhino,Rhino Pi X1,Qwen3-4B,OpenCL,"cpu=max,gpu=max,ddr=max",1536,cacheclip,0.40,2026-07-06,61.102052,ok,
rhino,Rhino Pi X1,Qwen3-4B,OpenCL,"cpu=max,gpu=max,ddr=max",1536,cacheclip,0.50,2026-07-06,69.317860,ok,
rhino,Rhino Pi X1,Qwen3-4B,OpenCL,"cpu=max,gpu=max,ddr=max",2048,cacheclip,0.05,2026-07-06,43.455912,ok,
rhino,Rhino Pi X1,Qwen3-4B,OpenCL,"cpu=max,gpu=max,ddr=max",2048,cacheclip,0.40,2026-07-06,64.119313,ok,
rhino,Rhino Pi X1,Qwen3-4B,OpenCL,"cpu=max,gpu=max,ddr=max",2048,cacheclip,0.50,2026-07-06,114.443064,ok,
rhino,Rhino Pi X1,Qwen3-4B,OpenCL,"cpu=max,gpu=max,ddr=max",2048,cacheclip,0.10,2026-07-06,28.516900,ok,
rhino,Rhino Pi X1,Qwen3-4B,OpenCL,"cpu=max,gpu=max,ddr=max",2048,cacheclip,0.20,2026-07-06,57.592077,ok,
rhino,Rhino Pi X1,Qwen3-4B,OpenCL,"cpu=max,gpu=max,ddr=max",2048,cacheclip,0.30,2026-07-06,61.054918,ok,
